<metadata xml:lang="cs"><Esri><CreaDate>20201023</CreaDate><CreaTime>10044400</CreaTime><ArcGISFormat>1.0</ArcGISFormat><ArcGISstyle>IPR</ArcGISstyle><SyncOnce>FALSE</SyncOnce><DataProperties><itemProps><itemName Sync="TRUE">URK_PARKY_P</itemName><imsContentType Sync="TRUE" export="False">002</imsContentType><itemLocation><linkage Sync="TRUE">file://\\SPAL\C$\Users\spal\Desktop\Geoportal\shapefile\URK_PARKY_P.shp</linkage><protocol Sync="TRUE">Local Area Network</protocol></itemLocation><nativeExtBox><westBL Sync="TRUE">-754295.580000</westBL><eastBL Sync="TRUE">-722569.210100</eastBL><southBL Sync="TRUE">-1058531.750000</southBL><northBL Sync="TRUE">-1034232.000000</northBL><exTypeCode Sync="TRUE">1</exTypeCode></nativeExtBox><itemSize Sync="TRUE">0.000</itemSize></itemProps><coordRef><type Sync="TRUE">Projected</type><geogcsn Sync="TRUE">GCS_S_JTSK</geogcsn><csUnits Sync="TRUE">Linear Unit: Meter (1.000000)</csUnits><projcsn Sync="TRUE">S-JTSK_Krovak_East_North</projcsn><peXml Sync="TRUE">&lt;ProjectedCoordinateSystem xsi:type='typens:ProjectedCoordinateSystem' xmlns:xsi='http://www.w3.org/2001/XMLSchema-instance' xmlns:xs='http://www.w3.org/2001/XMLSchema' xmlns:typens='http://www.esri.com/schemas/ArcGIS/3.3.0'&gt;&lt;WKT&gt;PROJCS[&amp;quot;S-JTSK_Krovak_East_North&amp;quot;,GEOGCS[&amp;quot;GCS_S_JTSK&amp;quot;,DATUM[&amp;quot;D_S_JTSK&amp;quot;,SPHEROID[&amp;quot;Bessel_1841&amp;quot;,6377397.155,299.1528128]],PRIMEM[&amp;quot;Greenwich&amp;quot;,0.0],UNIT[&amp;quot;Degree&amp;quot;,0.0174532925199433]],PROJECTION[&amp;quot;Krovak&amp;quot;],PARAMETER[&amp;quot;False_Easting&amp;quot;,0.0],PARAMETER[&amp;quot;False_Northing&amp;quot;,0.0],PARAMETER[&amp;quot;Pseudo_Standard_Parallel_1&amp;quot;,78.5],PARAMETER[&amp;quot;Scale_Factor&amp;quot;,0.9999],PARAMETER[&amp;quot;Azimuth&amp;quot;,30.28813975277778],PARAMETER[&amp;quot;Longitude_Of_Center&amp;quot;,24.83333333333333],PARAMETER[&amp;quot;Latitude_Of_Center&amp;quot;,49.5],PARAMETER[&amp;quot;X_Scale&amp;quot;,-1.0],PARAMETER[&amp;quot;Y_Scale&amp;quot;,1.0],PARAMETER[&amp;quot;XY_Plane_Rotation&amp;quot;,90.0],UNIT[&amp;quot;Meter&amp;quot;,1.0],AUTHORITY[&amp;quot;EPSG&amp;quot;,5514]]&lt;/WKT&gt;&lt;XOrigin&gt;-33699800&lt;/XOrigin&gt;&lt;YOrigin&gt;-33699800&lt;/YOrigin&gt;&lt;XYScale&gt;133638764.24698351&lt;/XYScale&gt;&lt;ZOrigin&gt;-100000&lt;/ZOrigin&gt;&lt;ZScale&gt;10000&lt;/ZScale&gt;&lt;MOrigin&gt;-100000&lt;/MOrigin&gt;&lt;MScale&gt;10000&lt;/MScale&gt;&lt;XYTolerance&gt;0.001&lt;/XYTolerance&gt;&lt;ZTolerance&gt;0.001&lt;/ZTolerance&gt;&lt;MTolerance&gt;0.001&lt;/MTolerance&gt;&lt;HighPrecision&gt;true&lt;/HighPrecision&gt;&lt;WKID&gt;102067&lt;/WKID&gt;&lt;LatestWKID&gt;5514&lt;/LatestWKID&gt;&lt;/ProjectedCoordinateSystem&gt;</peXml></coordRef><lineage><Process ToolSource="c:\esri\arcgis\pro\Resources\ArcToolbox\toolboxes\Data Management Tools.tbx\CopyFeatures" Date="20240320" Time="100101" Name="" export="">CopyFeatures S:\KonfiguracePripojeni\KonektoryAdmin\URK\urk_cur@@ipr_gdb2_odb1.sde\URK_CUR.URK_Parky_p S:\KonfiguracePripojeni\KonektoryAdmin\URK\urk_cur@@dcipr.gdb3.sde\URK_CUR.URK_Parky_p # # # #</Process><Process ToolSource="c:\esri\arcgis\pro\Resources\ArcToolbox\toolboxes\Data Management Tools.tbx\ChangePrivileges" Date="20240422" Time="111812" Name="" export="">ChangePrivileges S:\KonfiguracePripojeni\KonektoryAdmin\URK\urk_cur@@dcipr.gdb3.sde\URK_CUR.URK_ArchCenneStavby_b;S:\KonfiguracePripojeni\KonektoryAdmin\URK\urk_cur@@dcipr.gdb3.sde\URK_CUR.URK_ArchCenneStavby_p;S:\KonfiguracePripojeni\KonektoryAdmin\URK\urk_cur@@dcipr.gdb3.sde\URK_CUR.URK_Bloky_p;S:\KonfiguracePripojeni\KonektoryAdmin\URK\urk_cur@@dcipr.gdb3.sde\URK_CUR.URK_CenneUrbSoub_b;S:\KonfiguracePripojeni\KonektoryAdmin\URK\urk_cur@@dcipr.gdb3.sde\URK_CUR.URK_CenneUrbSoub_p;S:\KonfiguracePripojeni\KonektoryAdmin\URK\urk_cur@@dcipr.gdb3.sde\URK_CUR.URK_HistVyznStavby_b;S:\KonfiguracePripojeni\KonektoryAdmin\URK\urk_cur@@dcipr.gdb3.sde\URK_CUR.URK_HistVyznStavby_p;S:\KonfiguracePripojeni\KonektoryAdmin\URK\urk_cur@@dcipr.gdb3.sde\URK_CUR.URK_HistZahrady_b;S:\KonfiguracePripojeni\KonektoryAdmin\URK\urk_cur@@dcipr.gdb3.sde\URK_CUR.URK_HistZahrady_p;S:\KonfiguracePripojeni\KonektoryAdmin\URK\urk_cur@@dcipr.gdb3.sde\URK_CUR.URK_HranySvahu_l;S:\KonfiguracePripojeni\KonektoryAdmin\URK\urk_cur@@dcipr.gdb3.sde\URK_CUR.URK_Hrbitovy_OP_p;S:\KonfiguracePripojeni\KonektoryAdmin\URK\urk_cur@@dcipr.gdb3.sde\URK_CUR.URK_Hrbitovy_p;S:\KonfiguracePripojeni\KonektoryAdmin\URK\urk_cur@@dcipr.gdb3.sde\URK_CUR.URK_Intravilan66_p;S:\KonfiguracePripojeni\KonektoryAdmin\URK\urk_cur@@dcipr.gdb3.sde\URK_CUR.URK_LokalityStav_p;S:\KonfiguracePripojeni\KonektoryAdmin\URK\urk_cur@@dcipr.gdb3.sde\URK_CUR.URK_OblastPosuzMPP_p;S:\KonfiguracePripojeni\KonektoryAdmin\URK\urk_cur@@dcipr.gdb3.sde\URK_CUR.URK_Parky_p;S:\KonfiguracePripojeni\KonektoryAdmin\URK\urk_cur@@dcipr.gdb3.sde\URK_CUR.URK_PrirodniOsy_l;S:\KonfiguracePripojeni\KonektoryAdmin\URK\urk_cur@@dcipr.gdb3.sde\URK_CUR.URK_PrstenceStav_p;S:\KonfiguracePripojeni\KonektoryAdmin\URK\urk_cur@@dcipr.gdb3.sde\URK_CUR.URK_RegReklamy_p;S:\KonfiguracePripojeni\KonektoryAdmin\URK\urk_cur@@dcipr.gdb3.sde\URK_CUR.URK_RicniNiva_p URK_CUR_USER "Grant view privileges" "Do not change edit privileges"</Process><Process ToolSource="c:\esri\arcgis\pro\Resources\ArcToolbox\toolboxes\Data Management Tools.tbx\ChangePrivileges" Date="20240422" Time="121713" Name="" export="">ChangePrivileges S:\KonfiguracePripojeni\KonektoryAdmin\URK\urk_cur@@dcipr.gdb3.sde\URK_CUR.URK_ArchCenneStavby_b;S:\KonfiguracePripojeni\KonektoryAdmin\URK\urk_cur@@dcipr.gdb3.sde\URK_CUR.URK_ArchCenneStavby_b;S:\KonfiguracePripojeni\KonektoryAdmin\URK\urk_cur@@dcipr.gdb3.sde\URK_CUR.URK_ArchCenneStavby_p;S:\KonfiguracePripojeni\KonektoryAdmin\URK\urk_cur@@dcipr.gdb3.sde\URK_CUR.URK_Bloky_p;S:\KonfiguracePripojeni\KonektoryAdmin\URK\urk_cur@@dcipr.gdb3.sde\URK_CUR.URK_CenneUrbSoub_b;S:\KonfiguracePripojeni\KonektoryAdmin\URK\urk_cur@@dcipr.gdb3.sde\URK_CUR.URK_CenneUrbSoub_p;S:\KonfiguracePripojeni\KonektoryAdmin\URK\urk_cur@@dcipr.gdb3.sde\URK_CUR.URK_HistVyznStavby_b;S:\KonfiguracePripojeni\KonektoryAdmin\URK\urk_cur@@dcipr.gdb3.sde\URK_CUR.URK_HistVyznStavby_p;S:\KonfiguracePripojeni\KonektoryAdmin\URK\urk_cur@@dcipr.gdb3.sde\URK_CUR.URK_HistZahrady_b;S:\KonfiguracePripojeni\KonektoryAdmin\URK\urk_cur@@dcipr.gdb3.sde\URK_CUR.URK_HistZahrady_p;S:\KonfiguracePripojeni\KonektoryAdmin\URK\urk_cur@@dcipr.gdb3.sde\URK_CUR.URK_HranySvahu_l;S:\KonfiguracePripojeni\KonektoryAdmin\URK\urk_cur@@dcipr.gdb3.sde\URK_CUR.URK_Hrbitovy_OP_p;S:\KonfiguracePripojeni\KonektoryAdmin\URK\urk_cur@@dcipr.gdb3.sde\URK_CUR.URK_Hrbitovy_p;S:\KonfiguracePripojeni\KonektoryAdmin\URK\urk_cur@@dcipr.gdb3.sde\URK_CUR.URK_LokalityStav_p;S:\KonfiguracePripojeni\KonektoryAdmin\URK\urk_cur@@dcipr.gdb3.sde\URK_CUR.URK_OblastPosuzMPP_p;S:\KonfiguracePripojeni\KonektoryAdmin\URK\urk_cur@@dcipr.gdb3.sde\URK_CUR.URK_Parky_p;S:\KonfiguracePripojeni\KonektoryAdmin\URK\urk_cur@@dcipr.gdb3.sde\URK_CUR.URK_PrirodniOsy_l;S:\KonfiguracePripojeni\KonektoryAdmin\URK\urk_cur@@dcipr.gdb3.sde\URK_CUR.URK_RegReklamy_p;S:\KonfiguracePripojeni\KonektoryAdmin\URK\urk_cur@@dcipr.gdb3.sde\URK_CUR.URK_RicniNiva_p;S:\KonfiguracePripojeni\KonektoryAdmin\URK\urk_cur@@dcipr.gdb3.sde\URK_CUR.URK_SS_Namesti_p;S:\KonfiguracePripojeni\KonektoryAdmin\URK\urk_cur@@dcipr.gdb3.sde\URK_CUR.URK_SS_Partery_b;S:\KonfiguracePripojeni\KonektoryAdmin\URK\urk_cur@@dcipr.gdb3.sde\URK_CUR.URK_SS_Ploty_l APP_GEOP_VSPRAVA "Grant view privileges" "Do not change edit privileges"</Process><Process ToolSource="c:\esri\arcgis\pro\Resources\ArcToolbox\toolboxes\Data Management Tools.tbx\ChangePrivileges" Date="20240422" Time="121854" Name="" export="">ChangePrivileges S:\KonfiguracePripojeni\KonektoryAdmin\URK\urk_cur@@dcipr.gdb3.sde\URK_CUR.URK_ArchCenneStavby_b;S:\KonfiguracePripojeni\KonektoryAdmin\URK\urk_cur@@dcipr.gdb3.sde\URK_CUR.URK_ArchCenneStavby_b;S:\KonfiguracePripojeni\KonektoryAdmin\URK\urk_cur@@dcipr.gdb3.sde\URK_CUR.URK_ArchCenneStavby_p;S:\KonfiguracePripojeni\KonektoryAdmin\URK\urk_cur@@dcipr.gdb3.sde\URK_CUR.URK_Bloky_p;S:\KonfiguracePripojeni\KonektoryAdmin\URK\urk_cur@@dcipr.gdb3.sde\URK_CUR.URK_CenneUrbSoub_b;S:\KonfiguracePripojeni\KonektoryAdmin\URK\urk_cur@@dcipr.gdb3.sde\URK_CUR.URK_CenneUrbSoub_p;S:\KonfiguracePripojeni\KonektoryAdmin\URK\urk_cur@@dcipr.gdb3.sde\URK_CUR.URK_HistVyznStavby_b;S:\KonfiguracePripojeni\KonektoryAdmin\URK\urk_cur@@dcipr.gdb3.sde\URK_CUR.URK_HistVyznStavby_p;S:\KonfiguracePripojeni\KonektoryAdmin\URK\urk_cur@@dcipr.gdb3.sde\URK_CUR.URK_HistZahrady_b;S:\KonfiguracePripojeni\KonektoryAdmin\URK\urk_cur@@dcipr.gdb3.sde\URK_CUR.URK_HistZahrady_p;S:\KonfiguracePripojeni\KonektoryAdmin\URK\urk_cur@@dcipr.gdb3.sde\URK_CUR.URK_HranySvahu_l;S:\KonfiguracePripojeni\KonektoryAdmin\URK\urk_cur@@dcipr.gdb3.sde\URK_CUR.URK_Hrbitovy_OP_p;S:\KonfiguracePripojeni\KonektoryAdmin\URK\urk_cur@@dcipr.gdb3.sde\URK_CUR.URK_Hrbitovy_p;S:\KonfiguracePripojeni\KonektoryAdmin\URK\urk_cur@@dcipr.gdb3.sde\URK_CUR.URK_LokalityStav_p;S:\KonfiguracePripojeni\KonektoryAdmin\URK\urk_cur@@dcipr.gdb3.sde\URK_CUR.URK_OblastPosuzMPP_p;S:\KonfiguracePripojeni\KonektoryAdmin\URK\urk_cur@@dcipr.gdb3.sde\URK_CUR.URK_Parky_p;S:\KonfiguracePripojeni\KonektoryAdmin\URK\urk_cur@@dcipr.gdb3.sde\URK_CUR.URK_PrirodniOsy_l;S:\KonfiguracePripojeni\KonektoryAdmin\URK\urk_cur@@dcipr.gdb3.sde\URK_CUR.URK_RegReklamy_p;S:\KonfiguracePripojeni\KonektoryAdmin\URK\urk_cur@@dcipr.gdb3.sde\URK_CUR.URK_RicniNiva_p;S:\KonfiguracePripojeni\KonektoryAdmin\URK\urk_cur@@dcipr.gdb3.sde\URK_CUR.URK_SS_Namesti_p;S:\KonfiguracePripojeni\KonektoryAdmin\URK\urk_cur@@dcipr.gdb3.sde\URK_CUR.URK_SS_Partery_b;S:\KonfiguracePripojeni\KonektoryAdmin\URK\urk_cur@@dcipr.gdb3.sde\URK_CUR.URK_SS_Ploty_l APP_GEOP_VSPRAVA "Revoke view privileges" "Revoke edit privileges"</Process><Process ToolSource="c:\esri\arcgis\pro\Resources\ArcToolbox\toolboxes\Data Management Tools.tbx\ChangePrivileges" Date="20240422" Time="122037" Name="" export="">ChangePrivileges S:\KonfiguracePripojeni\KonektoryAdmin\URK\urk_cur@@dcipr.gdb3.sde\URK_CUR.URK_ArchCenneStavby_b;S:\KonfiguracePripojeni\KonektoryAdmin\URK\urk_cur@@dcipr.gdb3.sde\URK_CUR.URK_ArchCenneStavby_b;S:\KonfiguracePripojeni\KonektoryAdmin\URK\urk_cur@@dcipr.gdb3.sde\URK_CUR.URK_ArchCenneStavby_p;S:\KonfiguracePripojeni\KonektoryAdmin\URK\urk_cur@@dcipr.gdb3.sde\URK_CUR.URK_Bloky_p;S:\KonfiguracePripojeni\KonektoryAdmin\URK\urk_cur@@dcipr.gdb3.sde\URK_CUR.URK_CenneUrbSoub_b;S:\KonfiguracePripojeni\KonektoryAdmin\URK\urk_cur@@dcipr.gdb3.sde\URK_CUR.URK_CenneUrbSoub_p;S:\KonfiguracePripojeni\KonektoryAdmin\URK\urk_cur@@dcipr.gdb3.sde\URK_CUR.URK_HistVyznStavby_b;S:\KonfiguracePripojeni\KonektoryAdmin\URK\urk_cur@@dcipr.gdb3.sde\URK_CUR.URK_HistVyznStavby_p;S:\KonfiguracePripojeni\KonektoryAdmin\URK\urk_cur@@dcipr.gdb3.sde\URK_CUR.URK_HistZahrady_b;S:\KonfiguracePripojeni\KonektoryAdmin\URK\urk_cur@@dcipr.gdb3.sde\URK_CUR.URK_HistZahrady_p;S:\KonfiguracePripojeni\KonektoryAdmin\URK\urk_cur@@dcipr.gdb3.sde\URK_CUR.URK_HranySvahu_l;S:\KonfiguracePripojeni\KonektoryAdmin\URK\urk_cur@@dcipr.gdb3.sde\URK_CUR.URK_Hrbitovy_OP_p;S:\KonfiguracePripojeni\KonektoryAdmin\URK\urk_cur@@dcipr.gdb3.sde\URK_CUR.URK_Hrbitovy_p;S:\KonfiguracePripojeni\KonektoryAdmin\URK\urk_cur@@dcipr.gdb3.sde\URK_CUR.URK_LokalityStav_p;S:\KonfiguracePripojeni\KonektoryAdmin\URK\urk_cur@@dcipr.gdb3.sde\URK_CUR.URK_OblastPosuzMPP_p;S:\KonfiguracePripojeni\KonektoryAdmin\URK\urk_cur@@dcipr.gdb3.sde\URK_CUR.URK_Parky_p;S:\KonfiguracePripojeni\KonektoryAdmin\URK\urk_cur@@dcipr.gdb3.sde\URK_CUR.URK_PrirodniOsy_l;S:\KonfiguracePripojeni\KonektoryAdmin\URK\urk_cur@@dcipr.gdb3.sde\URK_CUR.URK_RegReklamy_p;S:\KonfiguracePripojeni\KonektoryAdmin\URK\urk_cur@@dcipr.gdb3.sde\URK_CUR.URK_RicniNiva_p;S:\KonfiguracePripojeni\KonektoryAdmin\URK\urk_cur@@dcipr.gdb3.sde\URK_CUR.URK_SS_Namesti_p;S:\KonfiguracePripojeni\KonektoryAdmin\URK\urk_cur@@dcipr.gdb3.sde\URK_CUR.URK_SS_Partery_b;S:\KonfiguracePripojeni\KonektoryAdmin\URK\urk_cur@@dcipr.gdb3.sde\URK_CUR.URK_SS_Ploty_l APP_GEOP_VSPRAVA "Revoke view privileges" "Revoke edit privileges"</Process><Process ToolSource="c:\esri\arcgis\pro\Resources\ArcToolbox\toolboxes\Data Management Tools.tbx\ChangePrivileges" Date="20240422" Time="122115" Name="" export="">ChangePrivileges S:\KonfiguracePripojeni\KonektoryAdmin\URK\urk_cur@@dcipr.gdb3.sde\URK_CUR.URK_ArchCenneStavby_b;S:\KonfiguracePripojeni\KonektoryAdmin\URK\urk_cur@@dcipr.gdb3.sde\URK_CUR.URK_ArchCenneStavby_b;S:\KonfiguracePripojeni\KonektoryAdmin\URK\urk_cur@@dcipr.gdb3.sde\URK_CUR.URK_ArchCenneStavby_p;S:\KonfiguracePripojeni\KonektoryAdmin\URK\urk_cur@@dcipr.gdb3.sde\URK_CUR.URK_Bloky_p;S:\KonfiguracePripojeni\KonektoryAdmin\URK\urk_cur@@dcipr.gdb3.sde\URK_CUR.URK_CenneUrbSoub_b;S:\KonfiguracePripojeni\KonektoryAdmin\URK\urk_cur@@dcipr.gdb3.sde\URK_CUR.URK_CenneUrbSoub_p;S:\KonfiguracePripojeni\KonektoryAdmin\URK\urk_cur@@dcipr.gdb3.sde\URK_CUR.URK_HistVyznStavby_b;S:\KonfiguracePripojeni\KonektoryAdmin\URK\urk_cur@@dcipr.gdb3.sde\URK_CUR.URK_HistVyznStavby_p;S:\KonfiguracePripojeni\KonektoryAdmin\URK\urk_cur@@dcipr.gdb3.sde\URK_CUR.URK_HistZahrady_b;S:\KonfiguracePripojeni\KonektoryAdmin\URK\urk_cur@@dcipr.gdb3.sde\URK_CUR.URK_HistZahrady_p;S:\KonfiguracePripojeni\KonektoryAdmin\URK\urk_cur@@dcipr.gdb3.sde\URK_CUR.URK_HranySvahu_l;S:\KonfiguracePripojeni\KonektoryAdmin\URK\urk_cur@@dcipr.gdb3.sde\URK_CUR.URK_Hrbitovy_OP_p;S:\KonfiguracePripojeni\KonektoryAdmin\URK\urk_cur@@dcipr.gdb3.sde\URK_CUR.URK_Hrbitovy_p;S:\KonfiguracePripojeni\KonektoryAdmin\URK\urk_cur@@dcipr.gdb3.sde\URK_CUR.URK_LokalityStav_p;S:\KonfiguracePripojeni\KonektoryAdmin\URK\urk_cur@@dcipr.gdb3.sde\URK_CUR.URK_OblastPosuzMPP_p;S:\KonfiguracePripojeni\KonektoryAdmin\URK\urk_cur@@dcipr.gdb3.sde\URK_CUR.URK_Parky_p;S:\KonfiguracePripojeni\KonektoryAdmin\URK\urk_cur@@dcipr.gdb3.sde\URK_CUR.URK_PrirodniOsy_l;S:\KonfiguracePripojeni\KonektoryAdmin\URK\urk_cur@@dcipr.gdb3.sde\URK_CUR.URK_RegReklamy_p;S:\KonfiguracePripojeni\KonektoryAdmin\URK\urk_cur@@dcipr.gdb3.sde\URK_CUR.URK_RicniNiva_p;S:\KonfiguracePripojeni\KonektoryAdmin\URK\urk_cur@@dcipr.gdb3.sde\URK_CUR.URK_SS_Namesti_p;S:\KonfiguracePripojeni\KonektoryAdmin\URK\urk_cur@@dcipr.gdb3.sde\URK_CUR.URK_SS_Partery_b;S:\KonfiguracePripojeni\KonektoryAdmin\URK\urk_cur@@dcipr.gdb3.sde\URK_CUR.URK_SS_Ploty_l APP_GEOP_PUBLIKACE "Grant view privileges" "Do not change edit privileges"</Process><Process ToolSource="c:\esri\arcgis\pro\Resources\ArcToolbox\toolboxes\Data Management Tools.tbx\ChangePrivileges" Date="20240422" Time="123322" Name="" export="">ChangePrivileges S:\KonfiguracePripojeni\KonektoryAdmin\URK\urk_cur@@dcipr.gdb3.sde\URK_CUR.URK_Hrbitovy_OP_p;S:\KonfiguracePripojeni\KonektoryAdmin\URK\urk_cur@@dcipr.gdb3.sde\URK_CUR.URK_VyrazTerenUtvar_l;S:\KonfiguracePripojeni\KonektoryAdmin\URK\urk_cur@@dcipr.gdb3.sde\URK_CUR.URK_UzemPlanPodklady_p;S:\KonfiguracePripojeni\KonektoryAdmin\URK\urk_cur@@dcipr.gdb3.sde\URK_CUR.URK_StavebniUzavery_p;S:\KonfiguracePripojeni\KonektoryAdmin\URK\urk_cur@@dcipr.gdb3.sde\URK_CUR.URK_SS_VodaSpojita_p;S:\KonfiguracePripojeni\KonektoryAdmin\URK\urk_cur@@dcipr.gdb3.sde\URK_CUR.URK_SS_VerPrisProst_p;S:\KonfiguracePripojeni\KonektoryAdmin\URK\urk_cur@@dcipr.gdb3.sde\URK_CUR.URK_VyskovyGrid_p;S:\KonfiguracePripojeni\KonektoryAdmin\URK\urk_cur@@dcipr.gdb3.sde\URK_CUR.URK_VyznamUdalosti_b;S:\KonfiguracePripojeni\KonektoryAdmin\URK\urk_cur@@dcipr.gdb3.sde\URK_CUR.URK_VyrazTerenUtvar_p;S:\KonfiguracePripojeni\KonektoryAdmin\URK\urk_cur@@dcipr.gdb3.sde\URK_CUR.URK_SS_VyuzitiZakl_p;S:\KonfiguracePripojeni\KonektoryAdmin\URK\urk_cur@@dcipr.gdb3.sde\URK_CUR.URK_SS_StariZastavby_p;S:\KonfiguracePripojeni\KonektoryAdmin\URK\urk_cur@@dcipr.gdb3.sde\URK_CUR.URK_VyskyHladin_grid100_p;S:\KonfiguracePripojeni\KonektoryAdmin\URK\urk_cur@@dcipr.gdb3.sde\URK_CUR.URK_ValHrobPietMist_b;S:\KonfiguracePripojeni\KonektoryAdmin\URK\urk_cur@@dcipr.gdb3.sde\URK_CUR.URK_StavebniUzavery_l;S:\KonfiguracePripojeni\KonektoryAdmin\URK\urk_cur@@dcipr.gdb3.sde\URK_CUR.URK_SS_Stromoradi_l;S:\KonfiguracePripojeni\KonektoryAdmin\URK\urk_cur@@dcipr.gdb3.sde\URK_CUR.URK_VyznVyhlBody_b;S:\KonfiguracePripojeni\KonektoryAdmin\URK\urk_cur@@dcipr.gdb3.sde\URK_CUR.URK_Hrbitovy_p;S:\KonfiguracePripojeni\KonektoryAdmin\URK\urk_cur@@dcipr.gdb3.sde\URK_CUR.URK_SS_Podlaznost_p;S:\KonfiguracePripojeni\KonektoryAdmin\URK\urk_cur@@dcipr.gdb3.sde\URK_CUR.URK_VyvojZastavby_p;S:\KonfiguracePripojeni\KonektoryAdmin\URK\urk_cur@@dcipr.gdb3.sde\URK_CUR.URK_OblastPosuzMPP_p;S:\KonfiguracePripojeni\KonektoryAdmin\URK\urk_cur@@dcipr.gdb3.sde\URK_CUR.URK_Svahy_p;S:\KonfiguracePripojeni\KonektoryAdmin\URK\urk_cur@@dcipr.gdb3.sde\URK_CUR.URK_VyznVyhlBodyVys_p;S:\KonfiguracePripojeni\KonektoryAdmin\URK\urk_cur@@dcipr.gdb3.sde\URK_CUR.URK_Parky_p;S:\KonfiguracePripojeni\KonektoryAdmin\URK\urk_cur@@dcipr.gdb3.sde\URK_CUR.URK_PrirodniOsy_l;S:\KonfiguracePripojeni\KonektoryAdmin\URK\urk_cur@@dcipr.gdb3.sde\URK_CUR.URK_RicniNiva_p;S:\KonfiguracePripojeni\KonektoryAdmin\URK\urk_cur@@dcipr.gdb3.sde\URK_CUR.URK_LokalityStav_p;S:\KonfiguracePripojeni\KonektoryAdmin\URK\urk_cur@@dcipr.gdb3.sde\URK_CUR.URK_VyskyRims_l;S:\KonfiguracePripojeni\KonektoryAdmin\URK\urk_cur@@dcipr.gdb3.sde\URK_CUR.URK_SS_PrekProst_p APP_GEOP_VSPRAVA "Grant view privileges" "Do not change edit privileges"</Process><Process ToolSource="c:\esri\arcgis\desktop10.8\ArcToolbox\Toolboxes\Data Management Tools.tbx\DeleteFeatures" Date="20240619" Time="133715" Name="" export="">DeleteFeatures S:\KonfiguracePripojeni\KonektoryAdmin\URK\urk_cur@@dcipr.gdb3.sde\URK_CUR.URK_Parky_p</Process><Process ToolSource="c:\esri\arcgis\desktop10.8\ArcToolbox\Toolboxes\Data Management Tools.tbx\Append" Date="20240619" Time="134004" Name="" export="">Append U:\190-GeodataUPD\UAP_obec\UAP_2024\01_DATA_ZAK\UAP_URK_UrbanismusKrajina.gdb\URK_Parky_p S:\KonfiguracePripojeni\KonektoryAdmin\URK\urk_cur@@dcipr.gdb3.sde\URK_CUR.URK_Parky_p NO_TEST "ID "ID" true true false 2 Short 0 5 ,First,#,U:\190-GeodataUPD\UAP_obec\UAP_2024\01_DATA_ZAK\UAP_URK_UrbanismusKrajina.gdb\URK_Parky_p,ID,-1,-1;NAZEV "NAZEV" true true false 50 Text 0 0 ,First,#,U:\190-GeodataUPD\UAP_obec\UAP_2024\01_DATA_ZAK\UAP_URK_UrbanismusKrajina.gdb\URK_Parky_p,NAZEV,-1,-1;HIERARCHIE "HIERARCHIE" true true false 2 Short 0 5 ,First,#,U:\190-GeodataUPD\UAP_obec\UAP_2024\01_DATA_ZAK\UAP_URK_UrbanismusKrajina.gdb\URK_Parky_p,HIERARCHIE,-1,-1;INTERPRVEK "INTERPRVEK" true true false 2 Short 0 5 ,First,#;LOKALITA "LOKALITA" true true false 4 Text 0 0 ,First,#,U:\190-GeodataUPD\UAP_obec\UAP_2024\01_DATA_ZAK\UAP_URK_UrbanismusKrajina.gdb\URK_Parky_p,LOKALITA,-1,-1;KAPITOLA "KAPITOLA" true true false 4 Text 0 0 ,First,#,U:\190-GeodataUPD\UAP_obec\UAP_2024\01_DATA_ZAK\UAP_URK_UrbanismusKrajina.gdb\URK_Parky_p,KAPITOLA,-1,-1;CHARAKTER_UAP "CHARAKTER_UAP" true true false 2 Short 0 5 ,First,#,U:\190-GeodataUPD\UAP_obec\UAP_2024\01_DATA_ZAK\UAP_URK_UrbanismusKrajina.gdb\URK_Parky_p,CHARAKTER_UAP,-1,-1;HODNOCENI_UAP2020 "HODNOCENI_UAP2020" true true false 2 Short 0 5 ,First,#,U:\190-GeodataUPD\UAP_obec\UAP_2024\01_DATA_ZAK\UAP_URK_UrbanismusKrajina.gdb\URK_Parky_p,HODNOCENI_UAP2020,-1,-1;PRISTUPNOST "PRISTUPNOST" true true false 2 Short 0 5 ,First,#,U:\190-GeodataUPD\UAP_obec\UAP_2024\01_DATA_ZAK\UAP_URK_UrbanismusKrajina.gdb\URK_Parky_p,PRISTUPNOST,-1,-1;MISTA "MISTA" true true false 30 Text 0 0 ,First,#;ID_POSKYT "ID_POSKYT" true true false 4 Long 0 10 ,First,#;POSKYT "POSKYT" true true false 50 Text 0 0 ,First,#;TID_URK_PARKY_P "TID_URK_PARKY_P" true true false 4 Long 0 10 ,First,#;SHAPE.AREA "SHAPE.AREA" false false true 0 Double 0 0 ,First,#;SHAPE.LEN "SHAPE.LEN" false false true 0 Double 0 0 ,First,#" #</Process><Process ToolSource="c:\esri\arcgis\desktop10.8\ArcToolbox\Toolboxes\Data Management Tools.tbx\CalculateField" Date="20240619" Time="134113" Name="" export="">CalculateField S:\KonfiguracePripojeni\KonektoryAdmin\URK\urk_cur@@dcipr.gdb3.sde\URK_CUR.URK_Parky_p ID_POSKYT 43 VB #</Process><Process ToolSource="c:\esri\arcgis\desktop10.8\ArcToolbox\Toolboxes\Data Management Tools.tbx\CalculateField" Date="20240619" Time="134138" Name="" export="">CalculateField S:\KonfiguracePripojeni\KonektoryAdmin\URK\urk_cur@@dcipr.gdb3.sde\URK_CUR.URK_Parky_p POSKYT "HMP-IPR" VB #</Process><Process ToolSource="c:\esri\arcgis\pro\Resources\ArcToolbox\Toolboxes\Data Management Tools.tbx\UpdateSchema" Date="20240619" Time="140713">UpdateSchema "CIMDATA=&lt;CIMStandardDataConnection xsi:type='typens:CIMStandardDataConnection' xmlns:xsi='http://www.w3.org/2001/XMLSchema-instance' xmlns:xs='http://www.w3.org/2001/XMLSchema' xmlns:typens='http://www.esri.com/schemas/ArcGIS/3.1.0'&gt;&lt;WorkspaceConnectionString&gt;ENCRYPTED_PASSWORD_UTF8=00022e687a376d6c476e52396d392f4f63324b3049474c554162304973617a795241386448486f316675334547656b3d2a00;ENCRYPTED_PASSWORD=00022e68374f3962756e4f343055496c556d4142395539716232686a5053684d5637624a79544d59393631736261593d2a00;SERVER=gdb3;INSTANCE=sde:oracle$gdb3;DBCLIENT=oracle;DB_CONNECTION_PROPERTIES=gdb3;USER=urk_cur;VERSION=SDE.DEFAULT;AUTHENTICATION_MODE=DBMS&lt;/WorkspaceConnectionString&gt;&lt;WorkspaceFactory&gt;SDE&lt;/WorkspaceFactory&gt;&lt;Dataset&gt;URK_CUR.URK_Parky_p&lt;/Dataset&gt;&lt;DatasetType&gt;esriDTFeatureClass&lt;/DatasetType&gt;&lt;/CIMStandardDataConnection&gt;" &lt;operationSequence&gt;&lt;workflow&gt;&lt;AssignDomainToField&gt;&lt;field_name&gt;CHARAKTER_UAP&lt;/field_name&gt;&lt;domain_name&gt;UAP_PARKY_CHARAKTER&lt;/domain_name&gt;&lt;/AssignDomainToField&gt;&lt;/workflow&gt;&lt;workflow&gt;&lt;AssignDomainToField&gt;&lt;field_name&gt;HODNOCENI_UAP2020&lt;/field_name&gt;&lt;domain_name&gt;UAP_PARKY_HODNOCENI_STAVU&lt;/domain_name&gt;&lt;/AssignDomainToField&gt;&lt;/workflow&gt;&lt;workflow&gt;&lt;AssignDomainToField&gt;&lt;field_name&gt;PRISTUPNOST&lt;/field_name&gt;&lt;domain_name&gt;UAP_PARKY_PRISTUPNOST&lt;/domain_name&gt;&lt;/AssignDomainToField&gt;&lt;/workflow&gt;&lt;/operationSequence&gt;</Process><Process ToolSource="c:\esri\arcgis\pro\Resources\ArcToolbox\Toolboxes\Data Management Tools.tbx\UpdateSchema" Date="20240619" Time="140852">UpdateSchema "CIMDATA=&lt;CIMStandardDataConnection xsi:type='typens:CIMStandardDataConnection' xmlns:xsi='http://www.w3.org/2001/XMLSchema-instance' xmlns:xs='http://www.w3.org/2001/XMLSchema' xmlns:typens='http://www.esri.com/schemas/ArcGIS/3.1.0'&gt;&lt;WorkspaceConnectionString&gt;ENCRYPTED_PASSWORD_UTF8=00022e687a376d6c476e52396d392f4f63324b3049474c554162304973617a795241386448486f316675334547656b3d2a00;ENCRYPTED_PASSWORD=00022e68374f3962756e4f343055496c556d4142395539716232686a5053684d5637624a79544d59393631736261593d2a00;SERVER=gdb3;INSTANCE=sde:oracle$gdb3;DBCLIENT=oracle;DB_CONNECTION_PROPERTIES=gdb3;USER=urk_cur;VERSION=SDE.DEFAULT;AUTHENTICATION_MODE=DBMS&lt;/WorkspaceConnectionString&gt;&lt;WorkspaceFactory&gt;SDE&lt;/WorkspaceFactory&gt;&lt;Dataset&gt;URK_CUR.URK_Parky_p&lt;/Dataset&gt;&lt;DatasetType&gt;esriDTFeatureClass&lt;/DatasetType&gt;&lt;/CIMStandardDataConnection&gt;" &lt;operationSequence&gt;&lt;workflow&gt;&lt;AssignDomainToField&gt;&lt;field_name&gt;HIERARCHIE&lt;/field_name&gt;&lt;domain_name&gt;PARKY_hierarchie&lt;/domain_name&gt;&lt;/AssignDomainToField&gt;&lt;/workflow&gt;&lt;workflow&gt;&lt;AssignDomainToField&gt;&lt;field_name&gt;INTERPRVEK&lt;/field_name&gt;&lt;domain_name&gt;PARKY_interprvek&lt;/domain_name&gt;&lt;/AssignDomainToField&gt;&lt;/workflow&gt;&lt;/operationSequence&gt;</Process><Process ToolSource="c:\esri\arcgis\pro\Resources\ArcToolbox\toolboxes\Data Management Tools.tbx\ChangePrivileges" Date="20241113" Time="104708">ChangePrivileges S:\KonfiguracePripojeni\KonektoryAdmin\URK\urk_cur@@dcipr.gdb3.sde\URK_CUR.URK_CenneUrbSoub_p;S:\KonfiguracePripojeni\KonektoryAdmin\URK\urk_cur@@dcipr.gdb3.sde\URK_CUR.URK_HistTrasyCest_l;S:\KonfiguracePripojeni\KonektoryAdmin\URK\urk_cur@@dcipr.gdb3.sde\URK_CUR.URK_HranySvahu_l;S:\KonfiguracePripojeni\KonektoryAdmin\URK\urk_cur@@dcipr.gdb3.sde\URK_CUR.URK_Hrbitovy_OP_p;S:\KonfiguracePripojeni\KonektoryAdmin\URK\urk_cur@@dcipr.gdb3.sde\URK_CUR.URK_Hrbitovy_p;S:\KonfiguracePripojeni\KonektoryAdmin\URK\urk_cur@@dcipr.gdb3.sde\URK_CUR.URK_Parky_p;S:\KonfiguracePripojeni\KonektoryAdmin\URK\urk_cur@@dcipr.gdb3.sde\URK_CUR.URK_PrirodniOsy_l;S:\KonfiguracePripojeni\KonektoryAdmin\URK\urk_cur@@dcipr.gdb3.sde\URK_CUR.URK_SS_Namesti_p;S:\KonfiguracePripojeni\KonektoryAdmin\URK\urk_cur@@dcipr.gdb3.sde\URK_CUR.URK_SS_Partery_b;S:\KonfiguracePripojeni\KonektoryAdmin\URK\urk_cur@@dcipr.gdb3.sde\URK_CUR.URK_SS_PrekProst_l;S:\KonfiguracePripojeni\KonektoryAdmin\URK\urk_cur@@dcipr.gdb3.sde\URK_CUR.URK_SS_PrekProst_p APP_GEOP_OPENDATA "Grant view privileges" "Do not change edit privileges"</Process><Process ToolSource="c:\esri\arcgis\pro\Resources\ArcToolbox\toolboxes\Data Management Tools.tbx\CopyFeatures" Date="20241120" Time="114129">CopyFeatures S:\KonfiguracePripojeni\KonektoryAdmin\_APP\APP_GEOPx\app_geop_opendata@@dcipr.gdb3.sde\URK_CUR.URK_PARKY_P C:\Users\spal\Desktop\Geoportal\shapefile\URK_PARKY_P.shp # # # #</Process><Process ToolSource="c:\esri\arcgis\pro\Resources\ArcToolbox\toolboxes\Data Management Tools.tbx\DeleteField" Date="20241120" Time="114130">DeleteField C:/Users/spal/Desktop/Geoportal/shapefile\URK_PARKY_P.shp ID "Delete Fields"</Process><Process ToolSource="c:\esri\arcgis\pro\Resources\ArcToolbox\toolboxes\Data Management Tools.tbx\DeleteField" Date="20241120" Time="114130">DeleteField C:/Users/spal/Desktop/Geoportal/shapefile\URK_PARKY_P.shp ID_POSKYT "Delete Fields"</Process><Process ToolSource="c:\esri\arcgis\pro\Resources\ArcToolbox\toolboxes\Data Management Tools.tbx\DeleteField" Date="20241120" Time="114130">DeleteField C:/Users/spal/Desktop/Geoportal/shapefile\URK_PARKY_P.shp POSKYT "Delete Fields"</Process><Process ToolSource="c:\esri\arcgis\pro\Resources\ArcToolbox\toolboxes\Data Management Tools.tbx\DeleteField" Date="20241120" Time="114130">DeleteField C:/Users/spal/Desktop/Geoportal/shapefile\URK_PARKY_P.shp TID_URK_PA "Delete Fields"</Process><Process ToolSource="c:\esri\arcgis\pro\Resources\ArcToolbox\toolboxes\Data Management Tools.tbx\DeleteField" Date="20241120" Time="114130">DeleteField C:/Users/spal/Desktop/Geoportal/shapefile\URK_PARKY_P.shp SHAPE_AREA "Delete Fields"</Process></lineage></DataProperties><SyncDate>20241120</SyncDate><SyncTime>11412900</SyncTime><ModDate>20241120</ModDate><ModTime>11412900</ModTime><scaleRange><minScale>150000000</minScale><maxScale>5000</maxScale></scaleRange><ArcGISProfile>IPRMetadata</ArcGISProfile></Esri><dataIdInfo><envirDesc Sync="TRUE">Microsoft Windows 10 Version 10.0 (Build 22000) ; Esri ArcGIS 13.3.2.52636</envirDesc><dataLang><languageCode value="cze" Sync="FALSE"/><countryCode value="GBR" Sync="TRUE"/></dataLang><idCitation xmlns=""><resTitle Sync="FALSE">Parky (ÚAP)</resTitle><presForm xmlns=""><PresFormCd value="005" Sync="TRUE"/></presForm><citId xmlns=""><identCode code="CZ-70883858-URK_CUR.URK_Parky_p">CZ-70883858-URK_CUR.URK_Parky_p</identCode><idCodeSpace>IPR Praha</idCodeSpace></citId><date><createDate>2019-06-03T00:00:00</createDate><reviseDate>2024-06-19T00:00:00</reviseDate></date><citRespParty xmlns=""><rpOrgName>Institut plánování a rozvoje hl. m. Prahy</rpOrgName><rpCntInfo xmlns=""><cntAddress addressType=""><eMailAdd>smetana@ipr.praha.eu</eMailAdd></cntAddress></rpCntInfo><role><RoleCd value="001"/></role><displayName>Institut plánování a rozvoje hl. m. Prahy</displayName><displayName>Institut plánování a rozvoje hl. m. Prahy</displayName></citRespParty></idCitation><spatRpType><SpatRepTypCd value="001" Sync="TRUE"/></spatRpType><dataExt><geoEle xmlns=""><GeoBndBox esriExtentType="search"><exTypeCode Sync="TRUE">1</exTypeCode><westBL Sync="TRUE">14.246353</westBL><eastBL Sync="TRUE">14.731426</eastBL><northBL Sync="TRUE">50.190973</northBL><southBL Sync="TRUE">49.935852</southBL></GeoBndBox></geoEle></dataExt><idPurp>Územně analytické podklady hl. m. Prahy</idPurp><idAbs>&lt;DIV STYLE="text-align:Left;"&gt;&lt;DIV&gt;&lt;DIV&gt;&lt;P&gt;&lt;SPAN&gt;Parkem se pro účely vymezení v ÚAP rozumí území přírodního charakteru využívané pro rekreační účely. Pražské parky mají různé charaktery, které souvisejí s jejich polohou v rámci města, vegetačním pokryvem a ne/veřejnou přístupností. Parky jsou v rámci kompozice města hierarchizovány do 4 významových úrovní – metropolitní, čtvrťový, lokalitní a místní park a to s ohledem na jejich rozlohu, polohu v rámci města a další vlastnosti, jako je například vybavenost mobiliářem, hustota cestní sítě, kvalita vegetačního pokryvu aj.&lt;/SPAN&gt;&lt;/P&gt;&lt;/DIV&gt;&lt;/DIV&gt;&lt;/DIV&gt;</idAbs><placeKeys xmlns=""><keyword>Praha</keyword><keyword>Česká republika</keyword></placeKeys><dataChar><CharSetCd value="004"/></dataChar><dataScale xmlns=""><equScale><rfDenom>10000</rfDenom></equScale></dataScale><idPoC xmlns=""><rpOrgName>Institut plánování a rozvoje hl. m. Prahy</rpOrgName><rpCntInfo xmlns=""><cntAddress addressType=""><eMailAdd>smetana@ipr.praha.eu</eMailAdd></cntAddress></rpCntInfo><role><RoleCd value="002"/></role><displayName>Institut plánování a rozvoje hl. m. Prahy</displayName></idPoC><resConst><LegConsts xmlns=""><accessConsts><RestrictCd value="008"/></accessConsts><othConsts>Pravidla pro poskytování dat a výstupů z datového skladu Geografického informačního systému hl. m. Prahy</othConsts><useConsts><RestrictCd value="005"/></useConsts></LegConsts></resConst><DatastoreInfo><DatastoreDescription xmlns=""><DatastoreType value="IPR Praha"/></DatastoreDescription></DatastoreInfo><DatastoreInfo><DatastoreDescription xmlns=""><DatastoreType value="Datové centrum MHMP - internet"/></DatastoreDescription></DatastoreInfo><DatastoreInfo><DatastoreDescription xmlns=""><DatastoreType value="Datové centrum MHMP - mepnet"/></DatastoreDescription></DatastoreInfo><resConst><Consts xmlns=""><useLimit>&lt;DIV STYLE="text-align:Left;"&gt;&lt;DIV&gt;&lt;DIV&gt;&lt;P&gt;&lt;SPAN&gt;www.geoportalpraha.cz&lt;/SPAN&gt;&lt;/P&gt;&lt;/DIV&gt;&lt;/DIV&gt;&lt;/DIV&gt;</useLimit></Consts></resConst><tpCat><TopicCatCd value="015"/></tpCat></dataIdInfo><mdLang><languageCode value="cze" Sync="FALSE"/><countryCode value="GBR" Sync="TRUE"/></mdLang><distInfo xmlns=""><distFormat xmlns=""><formatName Sync="TRUE">Shapefile</formatName><formatVer>-</formatVer></distFormat><distributor xmlns=""><distorCont xmlns=""><rpOrgName>Institut plánování a rozvoje hl. m. Prahy</rpOrgName><rpCntInfo xmlns=""><cntAddress addressType=""><eMailAdd>vydej@ipr.praha.eu</eMailAdd></cntAddress></rpCntInfo><role><RoleCd value="005"/></role><displayName>Institut plánování a rozvoje hl. m. Prahy</displayName><displayName>Institut plánování a rozvoje hl. m. Prahy</displayName><displayName>Institut plánování a rozvoje hl. m. Prahy</displayName></distorCont></distributor><distTranOps><transSize Sync="TRUE">0.000</transSize></distTranOps></distInfo><mdHrLv><ScopeCd value="005" Sync="TRUE"/></mdHrLv><mdHrLvName Sync="TRUE">dataset</mdHrLvName><refSysInfo><RefSystem><refSysID><identCode code="5514" Sync="TRUE"/><idCodeSpace Sync="TRUE">EPSG</idCodeSpace><idVersion Sync="TRUE">7.7(10.1.0)</idVersion></refSysID></RefSystem></refSysInfo><spatRepInfo><VectSpatRep><geometObjs Name="URK_PARKY_P"><geoObjTyp><GeoObjTypCd value="002" Sync="TRUE"></GeoObjTypCd></geoObjTyp><geoObjCnt Sync="TRUE">0</geoObjCnt></geometObjs><topLvl><TopoLevCd value="001" Sync="TRUE"></TopoLevCd></topLvl></VectSpatRep></spatRepInfo><spdoinfo><ptvctinf><esriterm Name="URK_PARKY_P"><efeatyp Sync="TRUE">Simple</efeatyp><efeageom code="4" Sync="TRUE"></efeageom><esritopo Sync="TRUE">FALSE</esritopo><efeacnt Sync="TRUE">0</efeacnt><spindex Sync="TRUE">FALSE</spindex><linrefer Sync="TRUE">FALSE</linrefer></esriterm></ptvctinf></spdoinfo><eainfo><detailed Name="URK_PARKY_P" xmlns=""><enttyp><enttypl Sync="TRUE">URK_PARKY_P</enttypl><enttypt Sync="TRUE">Feature Class</enttypt><enttypc Sync="TRUE">0</enttypc></enttyp><attr><attrlabl Sync="TRUE">FID</attrlabl><attalias Sync="TRUE">FID</attalias><attrtype Sync="TRUE">OID</attrtype><attwidth Sync="TRUE">4</attwidth><atprecis Sync="TRUE">0</atprecis><attscale Sync="TRUE">0</attscale><attrdef Sync="TRUE">Internal feature number.</attrdef><attrdefs Sync="TRUE">Esri</attrdefs><attrdomv><udom Sync="TRUE">Sequential unique whole numbers that are automatically generated.</udom></attrdomv></attr><attr exportToIso="False" exportDomainValues="False" xmlns=""><attrlabl Sync="TRUE">ID</attrlabl><attalias Sync="TRUE">ID</attalias><attrtype Sync="TRUE">Integer</attrtype><attwidth Sync="TRUE">5</attwidth><atprecis Sync="TRUE">5</atprecis><attscale Sync="TRUE">0</attscale></attr><attr exportToIso="False" exportDomainValues="False" xmlns=""><attrlabl Sync="TRUE">NAZEV</attrlabl><attalias Sync="TRUE">NAZEV</attalias><attrtype Sync="TRUE">String</attrtype><attwidth Sync="TRUE">50</attwidth><atprecis Sync="TRUE">0</atprecis><attscale Sync="TRUE">0</attscale><verejne>True</verejne><attrdef>název</attrdef></attr><attr exportToIso="True" exportDomainValues="True" xmlns=""><attrlabl Sync="TRUE">HIERARCHIE</attrlabl><attalias Sync="TRUE">HIERARCHIE</attalias><attrtype Sync="TRUE">Integer</attrtype><attwidth Sync="TRUE">5</attwidth><atprecis Sync="TRUE">5</atprecis><attscale Sync="TRUE">0</attscale><attrdef>význam parků</attrdef><verejne>True</verejne></attr><attr exportToIso="False" exportDomainValues="False" xmlns=""><attrlabl Sync="TRUE">INTERPRVEK</attrlabl><attalias Sync="TRUE">INTERPRVEK</attalias><attrtype Sync="TRUE">Integer</attrtype><attwidth Sync="TRUE">5</attwidth><atprecis Sync="TRUE">5</atprecis><attscale Sync="TRUE">0</attscale><verejne>True</verejne><attrdef>interakční prvek</attrdef></attr><attr exportToIso="False" exportDomainValues="False" xmlns=""><attrlabl Sync="TRUE">LOKALITA</attrlabl><attalias Sync="TRUE">LOKALITA</attalias><attrtype Sync="TRUE">String</attrtype><attwidth Sync="TRUE">4</attwidth><atprecis Sync="TRUE">0</atprecis><attscale Sync="TRUE">0</attscale><verejne>True</verejne></attr><attr exportToIso="False" exportDomainValues="False" xmlns=""><attrlabl Sync="TRUE">KAPITOLA</attrlabl><attalias Sync="TRUE">KAPITOLA</attalias><attrtype Sync="TRUE">String</attrtype><attwidth Sync="TRUE">4</attwidth><atprecis Sync="TRUE">0</atprecis><attscale Sync="TRUE">0</attscale><verejne>True</verejne></attr><attr exportToIso="False" exportDomainValues="False" xmlns=""><attrlabl Sync="TRUE">SHAPE</attrlabl><attalias Sync="TRUE">Shape</attalias><attrtype Sync="TRUE">Geometry</attrtype><attwidth Sync="TRUE">0</attwidth><atprecis Sync="TRUE">0</atprecis><attscale Sync="TRUE">0</attscale><attrdef Sync="TRUE">Feature geometry.</attrdef><attrdefs Sync="TRUE">Esri</attrdefs><attrdomv><udom Sync="TRUE">Coordinates defining the features.</udom></attrdomv></attr><attr><attrlabl Sync="TRUE">CHARAKTER_</attrlabl><attalias Sync="TRUE">CHARAKTER_</attalias><attrtype Sync="TRUE">Integer</attrtype><attwidth Sync="TRUE">5</attwidth><atprecis Sync="TRUE">5</atprecis><attscale Sync="TRUE">0</attscale></attr><attr><attrlabl Sync="TRUE">HODNOCENI_</attrlabl><attalias Sync="TRUE">HODNOCENI_</attalias><attrtype Sync="TRUE">Integer</attrtype><attwidth Sync="TRUE">5</attwidth><atprecis Sync="TRUE">5</atprecis><attscale Sync="TRUE">0</attscale></attr><attr><attrlabl Sync="TRUE">PRISTUPNOS</attrlabl><attalias Sync="TRUE">PRISTUPNOS</attalias><attrtype Sync="TRUE">Integer</attrtype><attwidth Sync="TRUE">5</attwidth><atprecis Sync="TRUE">5</atprecis><attscale Sync="TRUE">0</attscale></attr><attr exportToIso="False" exportDomainValues="False" xmlns=""><attrlabl Sync="TRUE">ID_POSKYT</attrlabl><attalias Sync="TRUE">ID_POSKYT</attalias><attrtype Sync="TRUE">Integer</attrtype><attwidth Sync="TRUE">10</attwidth><atprecis Sync="TRUE">10</atprecis><attscale Sync="TRUE">0</attscale></attr><attr exportToIso="False" exportDomainValues="False" xmlns=""><attrlabl Sync="TRUE">POSKYT</attrlabl><attalias Sync="TRUE">POSKYT</attalias><attrtype Sync="TRUE">String</attrtype><attwidth Sync="TRUE">50</attwidth><atprecis Sync="TRUE">0</atprecis><attscale Sync="TRUE">0</attscale></attr><attr exportToIso="False" exportDomainValues="False" xmlns=""><attrlabl Sync="TRUE">MISTA</attrlabl><attalias Sync="TRUE">MISTA</attalias><attrtype Sync="TRUE">String</attrtype><attwidth Sync="TRUE">30</attwidth><atprecis Sync="TRUE">0</atprecis><attscale Sync="TRUE">0</attscale><verejne>True</verejne></attr><attr><attrlabl Sync="TRUE">TID_URK_PA</attrlabl><attalias Sync="TRUE">TID_URK_PA</attalias><attrtype Sync="TRUE">Integer</attrtype><attwidth Sync="TRUE">10</attwidth><atprecis Sync="TRUE">10</atprecis><attscale Sync="TRUE">0</attscale></attr><attr><attrlabl Sync="TRUE">SHAPE_AREA</attrlabl><attalias Sync="TRUE">SHAPE_AREA</attalias><attrtype Sync="TRUE">Double</attrtype><attwidth Sync="TRUE">19</attwidth><atprecis Sync="TRUE">0</atprecis><attscale Sync="TRUE">0</attscale><attrdef Sync="TRUE">Area of feature in internal units squared.</attrdef><attrdefs Sync="TRUE">Esri</attrdefs><attrdomv><udom Sync="TRUE">Positive real numbers that are automatically generated.</udom></attrdomv></attr><attr><attrlabl Sync="TRUE">SHAPE_LEN</attrlabl><attalias Sync="TRUE">SHAPE_LEN</attalias><attrtype Sync="TRUE">Double</attrtype><attwidth Sync="TRUE">19</attwidth><atprecis Sync="TRUE">0</atprecis><attscale Sync="TRUE">0</attscale></attr></detailed></eainfo><mdDateSt Sync="TRUE">20241120</mdDateSt><mdFileID>6456EA81-E497-4120-8419-6EE6AB4E826E</mdFileID><mdChar><CharSetCd value="004"/></mdChar><mdContact xmlns=""><rpOrgName>Institut plánování a rozvoje hl. m. Prahy</rpOrgName><rpCntInfo xmlns=""><cntAddress addressType=""><eMailAdd>irova@ipr.praha.eu</eMailAdd></cntAddress></rpCntInfo><role><RoleCd value="007"/></role></mdContact><dqInfo xmlns=""><dataLineage><statement>Datová sada pořízená Institutem plánování a rozvoje hl. m. Prahy.</statement></dataLineage><dqScope><scpLvl><ScopeCd value="005"/></scpLvl></dqScope><report type="DQDomConsis" dimension="" xmlns=""><measResult><ConResult xmlns=""><conSpec xmlns=""><resTitle>Nařízení Komise (EU) č. 1089/2010 ze dne 23. listopadu 2010, kterým se provádí směrnice Evropského parlamentu a Rady 2007/2/ES, pokud jde o interoperabilitu sad prostorových dat a služeb prostorových dat</resTitle><date><pubDate>2010-12-08T00:00:00</pubDate></date></conSpec><conExpl>nehodnoceno</conExpl><conPass>1</conPass></ConResult></measResult></report></dqInfo><custom><TopicStatus><INSPIREstatus>Využití území</INSPIREstatus><IPRstatus>Územně analytické podklady</IPRstatus><UAPstatus>A003a - Veřejná prostranství</UAPstatus><GEMETstatus>Urbanismus/Urban planning</GEMETstatus><IPRkeywordstatus>Urbanismus/Urban planning</IPRkeywordstatus></TopicStatus></custom></metadata>
