<metadata xml:lang="cs"><Esri><CreaDate>20240311</CreaDate><CreaTime>09084000</CreaTime><ArcGISFormat>1.0</ArcGISFormat><SyncOnce>FALSE</SyncOnce><ArcGISProfile>IPRMetadata</ArcGISProfile><ModDate>20241120</ModDate><ModTime>11292300</ModTime><DataProperties><itemProps><itemLocation><linkage Sync="TRUE">file://\\SPAL\C$\Users\spal\Desktop\Geoportal\shapefile\HM_EKOLA_DEN_P.shp</linkage><protocol Sync="TRUE">Local Area Network</protocol></itemLocation><itemName Sync="TRUE">HM_EKOLA_DEN_P</itemName><imsContentType Sync="TRUE" export="False">002</imsContentType><nativeExtBox><westBL Sync="TRUE">-756730.000000</westBL><eastBL Sync="TRUE">-722490.000000</eastBL><southBL Sync="TRUE">-1058970.000000</southBL><northBL Sync="TRUE">-1034007.873200</northBL><exTypeCode Sync="TRUE">1</exTypeCode></nativeExtBox><itemSize Sync="TRUE">0.000</itemSize></itemProps><copyHistory><copy source="K:\GIS_projekty\VVURU_Praha\UP_export_final\UP_export_shape_doprava_celkem_stav\UP_aktualizace_doprava_celkem_stav_den" dest="\\ekolasrv2\CUD\GIS_projekty\VVURU_Praha\Shapefiles\UP_aktualizace_doprava_celkem_stav_den" date="20120131" time="10583700"/></copyHistory><coordRef><type Sync="TRUE">Projected</type><geogcsn Sync="TRUE">GCS_S_JTSK</geogcsn><csUnits Sync="TRUE">Linear Unit: Meter (1.000000)</csUnits><projcsn Sync="TRUE">S-JTSK_Krovak_East_North</projcsn><peXml Sync="TRUE">&lt;ProjectedCoordinateSystem xsi:type='typens:ProjectedCoordinateSystem' xmlns:xsi='http://www.w3.org/2001/XMLSchema-instance' xmlns:xs='http://www.w3.org/2001/XMLSchema' xmlns:typens='http://www.esri.com/schemas/ArcGIS/3.3.0'&gt;&lt;WKT&gt;PROJCS[&amp;quot;S-JTSK_Krovak_East_North&amp;quot;,GEOGCS[&amp;quot;GCS_S_JTSK&amp;quot;,DATUM[&amp;quot;D_S_JTSK&amp;quot;,SPHEROID[&amp;quot;Bessel_1841&amp;quot;,6377397.155,299.1528128]],PRIMEM[&amp;quot;Greenwich&amp;quot;,0.0],UNIT[&amp;quot;Degree&amp;quot;,0.0174532925199433]],PROJECTION[&amp;quot;Krovak&amp;quot;],PARAMETER[&amp;quot;False_Easting&amp;quot;,0.0],PARAMETER[&amp;quot;False_Northing&amp;quot;,0.0],PARAMETER[&amp;quot;Pseudo_Standard_Parallel_1&amp;quot;,78.5],PARAMETER[&amp;quot;Scale_Factor&amp;quot;,0.9999],PARAMETER[&amp;quot;Azimuth&amp;quot;,30.28813975277778],PARAMETER[&amp;quot;Longitude_Of_Center&amp;quot;,24.83333333333333],PARAMETER[&amp;quot;Latitude_Of_Center&amp;quot;,49.5],PARAMETER[&amp;quot;X_Scale&amp;quot;,-1.0],PARAMETER[&amp;quot;Y_Scale&amp;quot;,1.0],PARAMETER[&amp;quot;XY_Plane_Rotation&amp;quot;,90.0],UNIT[&amp;quot;Meter&amp;quot;,1.0],AUTHORITY[&amp;quot;EPSG&amp;quot;,5514]]&lt;/WKT&gt;&lt;XOrigin&gt;-33699800&lt;/XOrigin&gt;&lt;YOrigin&gt;-33699800&lt;/YOrigin&gt;&lt;XYScale&gt;133638764.24698351&lt;/XYScale&gt;&lt;ZOrigin&gt;-100000&lt;/ZOrigin&gt;&lt;ZScale&gt;10000&lt;/ZScale&gt;&lt;MOrigin&gt;-100000&lt;/MOrigin&gt;&lt;MScale&gt;10000&lt;/MScale&gt;&lt;XYTolerance&gt;0.001&lt;/XYTolerance&gt;&lt;ZTolerance&gt;0.001&lt;/ZTolerance&gt;&lt;MTolerance&gt;0.001&lt;/MTolerance&gt;&lt;HighPrecision&gt;true&lt;/HighPrecision&gt;&lt;WKID&gt;102067&lt;/WKID&gt;&lt;LatestWKID&gt;5514&lt;/LatestWKID&gt;&lt;/ProjectedCoordinateSystem&gt;</peXml></coordRef><lineage><Process ToolSource="c:\esri\arcgis\desktop10.8\ArcToolbox\Toolboxes\Data Management Tools.tbx\ChangePrivileges" Date="20240418" Time="092342">ChangePrivileges S:\KonfiguracePripojeni\KonektoryAdmin\HM\hm_cur@@dcipr.gdb3.sde\HM_CUR.HM_Ekola_ADP_pasma_den_p;S:\KonfiguracePripojeni\KonektoryAdmin\HM\hm_cur@@dcipr.gdb3.sde\HM_CUR.HM_Ekola_ADP_pasma_noc_p;S:\KonfiguracePripojeni\KonektoryAdmin\HM\hm_cur@@dcipr.gdb3.sde\HM_CUR.HM_Ekola_den_p;S:\KonfiguracePripojeni\KonektoryAdmin\HM\hm_cur@@dcipr.gdb3.sde\HM_CUR.HM_Ekola_noc_p;S:\KonfiguracePripojeni\KonektoryAdmin\HM\hm_cur@@dcipr.gdb3.sde\HM_CUR.HM_hlukochr_bariery_l;S:\KonfiguracePripojeni\KonektoryAdmin\HM\hm_cur@@dcipr.gdb3.sde\HM_CUR.HM_hlukochr_opernezdi_l;S:\KonfiguracePripojeni\KonektoryAdmin\HM\hm_cur@@dcipr.gdb3.sde\HM_CUR.HM_hlukochr_valy_p app_geop_opendata GRANT #</Process><Process ToolSource="c:\esri\arcgis\desktop10.8\ArcToolbox\Toolboxes\Data Management Tools.tbx\ChangePrivileges" Date="20240418" Time="092820">ChangePrivileges S:\KonfiguracePripojeni\KonektoryAdmin\HM\hm_cur@@dcipr.gdb3.sde\HM_CUR.HM_Ekola_den_p;S:\KonfiguracePripojeni\KonektoryAdmin\HM\hm_cur@@dcipr.gdb3.sde\HM_CUR.HM_Ekola_noc_p;S:\KonfiguracePripojeni\KonektoryAdmin\HM\hm_cur@@dcipr.gdb3.sde\HM_CUR.HM_hlukochr_bariery_l;S:\KonfiguracePripojeni\KonektoryAdmin\HM\hm_cur@@dcipr.gdb3.sde\HM_CUR.HM_hlukochr_opernezdi_l;S:\KonfiguracePripojeni\KonektoryAdmin\HM\hm_cur@@dcipr.gdb3.sde\HM_CUR.HM_hlukochr_valy_p;S:\KonfiguracePripojeni\KonektoryAdmin\HM\hm_cur@@dcipr.gdb3.sde\HM_CUR.HM_OHP_LetisteRuzyne_l;S:\KonfiguracePripojeni\KonektoryAdmin\HM\hm_cur@@dcipr.gdb3.sde\HM_CUR.HM_OHP_LetisteRuzyne_p;S:\KonfiguracePripojeni\KonektoryAdmin\HM\hm_cur@@dcipr.gdb3.sde\HM_CUR.HM_OHZ_LetisteRuzyne_l;S:\KonfiguracePripojeni\KonektoryAdmin\HM\hm_cur@@dcipr.gdb3.sde\HM_CUR.HM_OHZ_LetisteRuzyne_p;S:\KonfiguracePripojeni\KonektoryAdmin\HM\hm_cur@@dcipr.gdb3.sde\HM_CUR.HM_SHM_den_p;S:\KonfiguracePripojeni\KonektoryAdmin\HM\hm_cur@@dcipr.gdb3.sde\HM_CUR.HM_SHM_noc_p APP_GEOP_VSPRAVA GRANT #</Process><Process ToolSource="c:\esri\arcgis\desktop10.8\ArcToolbox\Toolboxes\Data Management Tools.tbx\ChangePrivileges" Date="20240418" Time="092843">ChangePrivileges S:\KonfiguracePripojeni\KonektoryAdmin\HM\hm_cur@@dcipr.gdb3.sde\HM_CUR.HM_Ekola_den_p;S:\KonfiguracePripojeni\KonektoryAdmin\HM\hm_cur@@dcipr.gdb3.sde\HM_CUR.HM_Ekola_noc_p;S:\KonfiguracePripojeni\KonektoryAdmin\HM\hm_cur@@dcipr.gdb3.sde\HM_CUR.HM_hlukochr_bariery_l;S:\KonfiguracePripojeni\KonektoryAdmin\HM\hm_cur@@dcipr.gdb3.sde\HM_CUR.HM_hlukochr_opernezdi_l;S:\KonfiguracePripojeni\KonektoryAdmin\HM\hm_cur@@dcipr.gdb3.sde\HM_CUR.HM_hlukochr_valy_p;S:\KonfiguracePripojeni\KonektoryAdmin\HM\hm_cur@@dcipr.gdb3.sde\HM_CUR.HM_OHP_LetisteRuzyne_l;S:\KonfiguracePripojeni\KonektoryAdmin\HM\hm_cur@@dcipr.gdb3.sde\HM_CUR.HM_OHP_LetisteRuzyne_p;S:\KonfiguracePripojeni\KonektoryAdmin\HM\hm_cur@@dcipr.gdb3.sde\HM_CUR.HM_OHZ_LetisteRuzyne_l;S:\KonfiguracePripojeni\KonektoryAdmin\HM\hm_cur@@dcipr.gdb3.sde\HM_CUR.HM_OHZ_LetisteRuzyne_p;S:\KonfiguracePripojeni\KonektoryAdmin\HM\hm_cur@@dcipr.gdb3.sde\HM_CUR.HM_SHM_den_p;S:\KonfiguracePripojeni\KonektoryAdmin\HM\hm_cur@@dcipr.gdb3.sde\HM_CUR.HM_SHM_noc_p HM_CUR_USER GRANT #</Process><Process ToolSource="c:\esri\arcgis\pro\Resources\ArcToolbox\toolboxes\Data Management Tools.tbx\CopyFeatures" Date="20241120" Time="112924">CopyFeatures S:\KonfiguracePripojeni\KonektoryAdmin\_APP\APP_GEOPx\app_geop_opendata@@dcipr.gdb3.sde\HM_CUR.HM_EKOLA_DEN_P C:\Users\spal\Desktop\Geoportal\shapefile\HM_EKOLA_DEN_P.shp # # # #</Process><Process ToolSource="c:\esri\arcgis\pro\Resources\ArcToolbox\toolboxes\Data Management Tools.tbx\DeleteField" Date="20241120" Time="112925">DeleteField C:/Users/spal/Desktop/Geoportal/shapefile\HM_EKOLA_DEN_P.shp ID_POSKYT "Delete Fields"</Process><Process ToolSource="c:\esri\arcgis\pro\Resources\ArcToolbox\toolboxes\Data Management Tools.tbx\DeleteField" Date="20241120" Time="112926">DeleteField C:/Users/spal/Desktop/Geoportal/shapefile\HM_EKOLA_DEN_P.shp POSKYT "Delete Fields"</Process><Process ToolSource="c:\esri\arcgis\pro\Resources\ArcToolbox\toolboxes\Data Management Tools.tbx\DeleteField" Date="20241120" Time="112926">DeleteField C:/Users/spal/Desktop/Geoportal/shapefile\HM_EKOLA_DEN_P.shp TID_HM_EKO "Delete Fields"</Process><Process ToolSource="c:\esri\arcgis\pro\Resources\ArcToolbox\toolboxes\Data Management Tools.tbx\DeleteField" Date="20241120" Time="112926">DeleteField C:/Users/spal/Desktop/Geoportal/shapefile\HM_EKOLA_DEN_P.shp SHAPE_AREA "Delete Fields"</Process></lineage></DataProperties><SyncDate>20241120</SyncDate><SyncTime>11292300</SyncTime><scaleRange><minScale>150000000</minScale><maxScale>5000</maxScale></scaleRange><ArcGISstyle>IPR</ArcGISstyle></Esri><dataIdInfo><idCitation xmlns=""><resTitle>Hluková mapa - den</resTitle><presForm xmlns=""><PresFormCd value="005" Sync="TRUE"/></presForm><date><createDate>2011-12-01T00:00:00</createDate><pubDate>2011-12-01T00:00:00</pubDate><reviseDate>2018-12-12T00:00:00</reviseDate></date><citId xmlns=""><identCode code="CZ-70883858-HM_CUR.HM_Ekola_den_p">CZ-70883858-HM_CUR.Ekola_den_p</identCode><idCodeSpace>IPR Praha</idCodeSpace></citId><citRespParty xmlns=""><rpOrgName>Institut plánování a rozvoje hl. m. Prahy</rpOrgName><role><RoleCd value="001"/></role><rpCntInfo xmlns=""><cntAddress addressType=""><eMailAdd>lejskova@ipr.praha.eu</eMailAdd><delPoint>Vyšehradská 57/2077 </delPoint><city>Praha</city><postCode>12800</postCode><country>CZ</country></cntAddress><cntPhone><voiceNum tddtty="">+420 236 004 589</voiceNum></cntPhone></rpCntInfo><displayName>Institut plánování a rozvoje hl. m. Prahy</displayName></citRespParty></idCitation><idAbs>&lt;DIV STYLE="text-align:Left;"&gt;&lt;DIV&gt;&lt;DIV&gt;&lt;P&gt;&lt;SPAN&gt;Výpočtová hluková mapa povrchové dopravy. Celková akustická situace. Denní doba (06:00-22:00)  Hluková pásma po 5dB ve výšce 4 m.  Stav v r. 2016.  Pro IPR Praha zpracovala EKOLA group, spol, s.r.o. 2017.&lt;/SPAN&gt;&lt;/P&gt;&lt;/DIV&gt;&lt;/DIV&gt;&lt;/DIV&gt;</idAbs><searchKeys><keyword>Hluk</keyword></searchKeys><envirDesc Sync="TRUE">Microsoft Windows 10 Version 10.0 (Build 22000) ; Esri ArcGIS 13.3.2.52636</envirDesc><dataLang><languageCode value="cze" Sync="FALSE"/><countryCode value="GBR" Sync="TRUE"/></dataLang><spatRpType><SpatRepTypCd value="001" Sync="TRUE"/></spatRpType><dataExt xmlns=""><geoEle xmlns=""><GeoBndBox esriExtentType="search"><exTypeCode Sync="TRUE">1</exTypeCode><westBL Sync="TRUE">14.212178</westBL><eastBL Sync="TRUE">14.733328</eastBL><northBL Sync="TRUE">50.193065</northBL><southBL Sync="TRUE">49.928923</southBL></GeoBndBox></geoEle></dataExt><idPurp>Stanovení hlukového zatížení v okolí hlavních dopravních tras na území Prahy</idPurp><placeKeys xmlns=""><keyword>Praha</keyword><keyword>Česká republika</keyword></placeKeys><dataChar><CharSetCd value="004"/></dataChar><dataScale xmlns=""><equScale><rfDenom>25000</rfDenom></equScale></dataScale><idPoC xmlns=""><rpOrgName>Institut plánování a rozvoje hl. m. Prahy</rpOrgName><role><RoleCd value="002"/></role><rpCntInfo xmlns=""><cntAddress addressType=""><eMailAdd>lejskova@ipr.praha.eu</eMailAdd><delPoint>Vyšehradská 57/2077 </delPoint><city>Praha</city><postCode>12800</postCode><country>CZ</country></cntAddress><cntPhone><voiceNum tddtty="">+420 236 004 589</voiceNum></cntPhone></rpCntInfo></idPoC><resMaint xmlns=""><maintFreq><MaintFreqCd value="009"/></maintFreq></resMaint><idPoC xmlns=""><rpOrgName>EKOLA group, spol. s r.o. </rpOrgName><role><RoleCd value="011"/></role><rpCntInfo xmlns=""><cntAddress addressType=""><delPoint>Mistrovská 4 </delPoint><city>Praha</city><postCode>10800</postCode><country>CZ</country><eMailAdd>ekola@ekolagroup.cz</eMailAdd></cntAddress><cntInstr>www.ekolagroup.cz
</cntInstr></rpCntInfo></idPoC><resConst><LegConsts xmlns=""><accessConsts><RestrictCd value="008"/></accessConsts><othConsts>Pravidla pro poskytování dat a výstupů z datového skladu Geografického informačního systému hl. m. Prahy</othConsts><useConsts><RestrictCd value="005"/></useConsts></LegConsts></resConst><DatastoreInfo><DatastoreDescription xmlns=""><DatastoreType value="IPR Praha"/></DatastoreDescription></DatastoreInfo><DatastoreInfo><DatastoreDescription xmlns=""><DatastoreType value="Datové centrum MHMP - internet"/></DatastoreDescription></DatastoreInfo><DatastoreInfo><DatastoreDescription xmlns=""><DatastoreType value="Datové centrum MHMP - mepnet"/></DatastoreDescription></DatastoreInfo><OpendataCategoryInfo><OpendataCategoryDescription xmlns=""><OpendataCategoryType value="Životní prostředí"/></OpendataCategoryDescription></OpendataCategoryInfo><resConst><Consts xmlns=""><useLimit>&lt;DIV STYLE="text-align:Left;"&gt;&lt;DIV&gt;&lt;DIV&gt;&lt;P&gt;&lt;A href="http://www.geoportalpraha.cz" STYLE="text-decoration:underline;"&gt;&lt;SPAN STYLE="text-decoration:underline;"&gt;&lt;SPAN&gt;www.geoportalpraha.cz&lt;/SPAN&gt;&lt;/SPAN&gt;&lt;/A&gt;&lt;/P&gt;&lt;/DIV&gt;&lt;/DIV&gt;&lt;/DIV&gt;</useLimit></Consts></resConst><tpCat><TopicCatCd value="009"/></tpCat></dataIdInfo><Binary/><mdDateSt Sync="TRUE">20241120</mdDateSt><mdLang><languageCode value="cze" Sync="FALSE"/><countryCode value="GBR" Sync="TRUE"/></mdLang><distInfo xmlns=""><distFormat xmlns=""><formatName Sync="TRUE">Shapefile</formatName><formatVer>10</formatVer></distFormat><distributor xmlns=""><distorCont xmlns=""><rpOrgName>Institut plánování a rozvoje hl. m. Prahy</rpOrgName><role><RoleCd value="005"/></role><rpCntInfo xmlns=""><cntAddress addressType=""><delPoint>Vyšehradská 57/2077</delPoint><city>Praha</city><postCode>12800</postCode><eMailAdd>vydej@ipr.praha.eu</eMailAdd><country>CZECH REPUBLIC</country></cntAddress><cntPhone><voiceNum tddtty="">236005088</voiceNum><faxNum>224923635</faxNum></cntPhone></rpCntInfo></distorCont></distributor><distTranOps><transSize Sync="TRUE">0.000</transSize></distTranOps></distInfo><mdHrLv><ScopeCd value="005" Sync="TRUE"/></mdHrLv><mdHrLvName Sync="TRUE">dataset</mdHrLvName><refSysInfo><RefSystem dimension=""><refSysID xmlns=""><identCode code="5514" Sync="TRUE" value="102067"/><idCodeSpace Sync="TRUE">EPSG</idCodeSpace><idVersion Sync="TRUE">7.7(10.1.0)</idVersion></refSysID></RefSystem></refSysInfo><spatRepInfo><VectSpatRep><geometObjs Name="HM_EKOLA_DEN_P"><geoObjTyp><GeoObjTypCd value="002" Sync="TRUE"></GeoObjTypCd></geoObjTyp><geoObjCnt Sync="TRUE">0</geoObjCnt></geometObjs><topLvl><TopoLevCd value="001" Sync="TRUE"></TopoLevCd></topLvl></VectSpatRep></spatRepInfo><spdoinfo><ptvctinf><esriterm Name="HM_EKOLA_DEN_P"><efeatyp Sync="TRUE">Simple</efeatyp><efeageom code="4" Sync="TRUE"></efeageom><esritopo Sync="TRUE">FALSE</esritopo><efeacnt Sync="TRUE">0</efeacnt><spindex Sync="TRUE">FALSE</spindex><linrefer Sync="TRUE">FALSE</linrefer></esriterm></ptvctinf></spdoinfo><eainfo><detailed Name="HM_EKOLA_DEN_P" xmlns=""><enttyp><enttypl Sync="TRUE">HM_EKOLA_DEN_P</enttypl><enttypt Sync="TRUE">Feature Class</enttypt><enttypc Sync="TRUE">0</enttypc></enttyp><attr><attrlabl Sync="TRUE">FID</attrlabl><attalias Sync="TRUE">FID</attalias><attrtype Sync="TRUE">OID</attrtype><attwidth Sync="TRUE">4</attwidth><atprecis Sync="TRUE">0</atprecis><attscale Sync="TRUE">0</attscale><attrdef Sync="TRUE">Internal feature number.</attrdef><attrdefs Sync="TRUE">Esri</attrdefs><attrdomv><udom Sync="TRUE">Sequential unique whole numbers that are automatically generated.</udom></attrdomv></attr><attr exportToIso="False" exportDomainValues="False" xmlns=""><attrlabl Sync="TRUE">Shape</attrlabl><attalias Sync="TRUE">Shape</attalias><attrtype Sync="TRUE">Geometry</attrtype><attwidth Sync="TRUE">0</attwidth><atprecis Sync="TRUE">0</atprecis><attscale Sync="TRUE">0</attscale><attrdef Sync="TRUE">Feature geometry.</attrdef><attrdefs Sync="TRUE">ESRI</attrdefs><attrdomv><udom Sync="TRUE">Coordinates defining the features.</udom></attrdomv></attr><attr exportToIso="True" exportDomainValues="False" xmlns=""><attrlabl Sync="TRUE">DB_LO</attrlabl><attalias Sync="TRUE">DB_LO</attalias><attrtype Sync="TRUE">Double</attrtype><attwidth Sync="TRUE">19</attwidth><atprecis Sync="TRUE">18</atprecis><attscale Sync="TRUE">8</attscale><attrdef>Dolní mez intervalu hlukové zátěže [dB]</attrdef><verejne>True</verejne></attr><attr exportToIso="True" exportDomainValues="False" xmlns=""><attrlabl Sync="TRUE">DB_HI</attrlabl><attalias Sync="TRUE">DB_HI</attalias><attrtype Sync="TRUE">Double</attrtype><attwidth Sync="TRUE">19</attwidth><atprecis Sync="TRUE">18</atprecis><attscale Sync="TRUE">8</attscale><attrdef>Horní mez intervalu hlukové zátěže [dB]</attrdef><verejne>True</verejne></attr><attr exportToIso="False" exportDomainValues="False" xmlns=""><attrlabl Sync="TRUE">ID_POSKYT</attrlabl><attalias Sync="TRUE">ID_POSKYT</attalias><attrtype Sync="TRUE">Integer</attrtype><attwidth Sync="TRUE">10</attwidth><atprecis Sync="TRUE">10</atprecis><attscale Sync="TRUE">0</attscale></attr><attr exportToIso="False" exportDomainValues="False" xmlns=""><attrlabl Sync="TRUE">POSKYT</attrlabl><attalias Sync="TRUE">POSKYT</attalias><attrtype Sync="TRUE">String</attrtype><attwidth Sync="TRUE">30</attwidth><atprecis Sync="TRUE">0</atprecis><attscale Sync="TRUE">0</attscale></attr><attr><attrlabl Sync="TRUE">TID_HM_EKO</attrlabl><attalias Sync="TRUE">TID_HM_EKO</attalias><attrtype Sync="TRUE">Integer</attrtype><attwidth Sync="TRUE">5</attwidth><atprecis Sync="TRUE">5</atprecis><attscale Sync="TRUE">0</attscale></attr><attr><attrlabl Sync="TRUE">SHAPE_AREA</attrlabl><attalias Sync="TRUE">SHAPE_AREA</attalias><attrtype Sync="TRUE">Double</attrtype><attwidth Sync="TRUE">19</attwidth><atprecis Sync="TRUE">0</atprecis><attscale Sync="TRUE">0</attscale><attrdef Sync="TRUE">Area of feature in internal units squared.</attrdef><attrdefs Sync="TRUE">Esri</attrdefs><attrdomv><udom Sync="TRUE">Positive real numbers that are automatically generated.</udom></attrdomv></attr><attr><attrlabl Sync="TRUE">SHAPE_LEN</attrlabl><attalias Sync="TRUE">SHAPE_LEN</attalias><attrtype Sync="TRUE">Double</attrtype><attwidth Sync="TRUE">19</attwidth><atprecis Sync="TRUE">0</atprecis><attscale Sync="TRUE">0</attscale></attr></detailed></eainfo><mdFileID>0AABB791-6C9B-4C9E-9262-2E3C48633EE5</mdFileID><mdChar><CharSetCd value="004"/></mdChar><mdContact xmlns=""><rpOrgName>Institut plánování a rozvoje hl. m. Prahy</rpOrgName><role><RoleCd value="007"/></role><rpCntInfo xmlns=""><cntAddress addressType=""><eMailAdd>lejskova@ipr.praha.eu</eMailAdd><delPoint>Vyšehradská 57/2077</delPoint><city>Praha</city><postCode>12800</postCode><country>CZ</country></cntAddress><cntPhone><voiceNum tddtty="">+420 236 004 589</voiceNum></cntPhone></rpCntInfo></mdContact><dqInfo xmlns=""><dqScope><scpLvl><ScopeCd value="005"/></scpLvl></dqScope><dataLineage><statement>Datová sada vzniklá modelovými výpočty.</statement></dataLineage><report type="DQDomConsis" dimension="" xmlns=""><measResult><ConResult xmlns=""><conSpec xmlns=""><resTitle>Nařízení Komise (EU) č. 1089/2010 ze dne 23. listopadu 2010, kterým se provádí směrnice Evropského parlamentu a Rady 2007/2/ES, pokud jde o interoperabilitu sad prostorových dat a služeb prostorových dat</resTitle><date><pubDate>2010-12-08T00:00:00</pubDate></date></conSpec><conExpl>nehodnoceno</conExpl><conPass>1</conPass></ConResult></measResult></report></dqInfo><custom><TopicStatus><INSPIREstatus>Lidské zdraví a bezpečnost</INSPIREstatus><IPRstatus>Ostatní tematická data</IPRstatus><UAPstatus>Není jev ÚAP</UAPstatus><GEMETstatus>Hluk/Noise</GEMETstatus><IPRkeywordstatus>Hluk/Noise</IPRkeywordstatus></TopicStatus></custom><mdMaint xmlns=""><maintFreq><MaintFreqCd value="009"/></maintFreq></mdMaint></metadata>
