<metadata xml:lang="cs"><Esri><CreaDate>20240311</CreaDate><CreaTime>12202500</CreaTime><ArcGISFormat>1.0</ArcGISFormat><ArcGISstyle>IPR</ArcGISstyle><SyncOnce>FALSE</SyncOnce><DataProperties><itemProps><itemLocation><linkage Sync="TRUE">file://\\SPAL\C$\Users\spal\Desktop\Geoportal\shapefile\OPK_SMZ_VP_P.shp</linkage><protocol Sync="TRUE">Local Area Network</protocol></itemLocation><itemName Sync="TRUE">OPK_SMZ_VP_P</itemName><nativeExtBox><westBL Sync="TRUE">-754624.220000</westBL><eastBL Sync="TRUE">-723265.720000</eastBL><southBL Sync="TRUE">-1058668.843000</southBL><northBL Sync="TRUE">-1034271.640000</northBL><exTypeCode Sync="TRUE">1</exTypeCode></nativeExtBox><imsContentType Sync="TRUE" export="False">002</imsContentType><itemSize Sync="TRUE">0.000</itemSize></itemProps><copyHistory><copy source="U:\010-OsobniTemp\Lejsková\2_ukoly\6_mestska_zelen_sklad\data\strukturaDat\ZakladniPlocha_p" dest="\\ipr.praha.eu\pracovni\010-OsobniTemp\Lejsková\2_ukoly\6_mestska_zelen_sklad\data\strukturaDat\ZakladniPlocha_pCopy" date="20220406" time="15272300"/></copyHistory><coordRef><type Sync="TRUE">Projected</type><geogcsn Sync="TRUE">GCS_S_JTSK</geogcsn><csUnits Sync="TRUE">Linear Unit: Meter (1.000000)</csUnits><projcsn Sync="TRUE">S-JTSK_Krovak_East_North</projcsn><peXml Sync="TRUE">&lt;ProjectedCoordinateSystem xsi:type='typens:ProjectedCoordinateSystem' xmlns:xsi='http://www.w3.org/2001/XMLSchema-instance' xmlns:xs='http://www.w3.org/2001/XMLSchema' xmlns:typens='http://www.esri.com/schemas/ArcGIS/3.3.0'&gt;&lt;WKT&gt;PROJCS[&amp;quot;S-JTSK_Krovak_East_North&amp;quot;,GEOGCS[&amp;quot;GCS_S_JTSK&amp;quot;,DATUM[&amp;quot;D_S_JTSK&amp;quot;,SPHEROID[&amp;quot;Bessel_1841&amp;quot;,6377397.155,299.1528128]],PRIMEM[&amp;quot;Greenwich&amp;quot;,0.0],UNIT[&amp;quot;Degree&amp;quot;,0.0174532925199433]],PROJECTION[&amp;quot;Krovak&amp;quot;],PARAMETER[&amp;quot;False_Easting&amp;quot;,0.0],PARAMETER[&amp;quot;False_Northing&amp;quot;,0.0],PARAMETER[&amp;quot;Pseudo_Standard_Parallel_1&amp;quot;,78.5],PARAMETER[&amp;quot;Scale_Factor&amp;quot;,0.9999],PARAMETER[&amp;quot;Azimuth&amp;quot;,30.28813975277778],PARAMETER[&amp;quot;Longitude_Of_Center&amp;quot;,24.83333333333333],PARAMETER[&amp;quot;Latitude_Of_Center&amp;quot;,49.5],PARAMETER[&amp;quot;X_Scale&amp;quot;,-1.0],PARAMETER[&amp;quot;Y_Scale&amp;quot;,1.0],PARAMETER[&amp;quot;XY_Plane_Rotation&amp;quot;,90.0],UNIT[&amp;quot;Meter&amp;quot;,1.0],AUTHORITY[&amp;quot;EPSG&amp;quot;,5514]]&lt;/WKT&gt;&lt;XOrigin&gt;-33699800&lt;/XOrigin&gt;&lt;YOrigin&gt;-33699800&lt;/YOrigin&gt;&lt;XYScale&gt;133638764.24698351&lt;/XYScale&gt;&lt;ZOrigin&gt;-100000&lt;/ZOrigin&gt;&lt;ZScale&gt;10000&lt;/ZScale&gt;&lt;MOrigin&gt;-100000&lt;/MOrigin&gt;&lt;MScale&gt;10000&lt;/MScale&gt;&lt;XYTolerance&gt;0.001&lt;/XYTolerance&gt;&lt;ZTolerance&gt;0.001&lt;/ZTolerance&gt;&lt;MTolerance&gt;0.001&lt;/MTolerance&gt;&lt;HighPrecision&gt;true&lt;/HighPrecision&gt;&lt;WKID&gt;102067&lt;/WKID&gt;&lt;LatestWKID&gt;5514&lt;/LatestWKID&gt;&lt;/ProjectedCoordinateSystem&gt;</peXml></coordRef><lineage><Process ToolSource="c:\esri\arcgis\desktop10.8\ArcToolbox\Toolboxes\Data Management Tools.tbx\ChangePrivileges" Date="20240419" Time="125907" Name="" export="">ChangePrivileges S:\KonfiguracePripojeni\KonektoryAdmin\OPK\opk_cur@@dcipr.gdb3.sde\OPK_CUR.OPK_VKPreg_p;S:\KonfiguracePripojeni\KonektoryAdmin\OPK\opk_cur@@dcipr.gdb3.sde\OPK_CUR.OPK_Biochory_p;S:\KonfiguracePripojeni\KonektoryAdmin\OPK\opk_cur@@dcipr.gdb3.sde\OPK_CUR.OPK_Bioregiony_p;S:\KonfiguracePripojeni\KonektoryAdmin\OPK\opk_cur@@dcipr.gdb3.sde\OPK_CUR.OPK_Dreviny_b;S:\KonfiguracePripojeni\KonektoryAdmin\OPK\opk_cur@@dcipr.gdb3.sde\OPK_CUR.OPK_Geopark_p;S:\KonfiguracePripojeni\KonektoryAdmin\OPK\opk_cur@@dcipr.gdb3.sde\OPK_CUR.OPK_CHKO_hr_p;S:\KonfiguracePripojeni\KonektoryAdmin\OPK\opk_cur@@dcipr.gdb3.sde\OPK_CUR.OPK_CHKO_p;S:\KonfiguracePripojeni\KonektoryAdmin\OPK\opk_cur@@dcipr.gdb3.sde\OPK_CUR.OPK_ChraneneDruhy_p;S:\KonfiguracePripojeni\KonektoryAdmin\OPK\opk_cur@@dcipr.gdb3.sde\OPK_CUR.OPK_MZCHU_OP_p;S:\KonfiguracePripojeni\KonektoryAdmin\OPK\opk_cur@@dcipr.gdb3.sde\OPK_CUR.OPK_MZCHU_p;S:\KonfiguracePripojeni\KonektoryAdmin\OPK\opk_cur@@dcipr.gdb3.sde\OPK_CUR.OPK_Natura2000evl_p;S:\KonfiguracePripojeni\KonektoryAdmin\OPK\opk_cur@@dcipr.gdb3.sde\OPK_CUR.OPK_PamStromy_b;S:\KonfiguracePripojeni\KonektoryAdmin\OPK\opk_cur@@dcipr.gdb3.sde\OPK_CUR.OPK_PamStromy_OP_p;S:\KonfiguracePripojeni\KonektoryAdmin\OPK\opk_cur@@dcipr.gdb3.sde\OPK_CUR.OPK_Plan_USES_IP_p;S:\KonfiguracePripojeni\KonektoryAdmin\OPK\opk_cur@@dcipr.gdb3.sde\OPK_CUR.OPK_Plan_USES_KRIT_p;S:\KonfiguracePripojeni\KonektoryAdmin\OPK\opk_cur@@dcipr.gdb3.sde\OPK_CUR.OPK_Plan_USES_p;S:\KonfiguracePripojeni\KonektoryAdmin\OPK\opk_cur@@dcipr.gdb3.sde\OPK_CUR.OPK_PriHodnotLok_p;S:\KonfiguracePripojeni\KonektoryAdmin\OPK\opk_cur@@dcipr.gdb3.sde\OPK_CUR.OPK_PrirodniParky_p;S:\KonfiguracePripojeni\KonektoryAdmin\OPK\opk_cur@@dcipr.gdb3.sde\OPK_CUR.OPK_SMZ_Sprava_p;S:\KonfiguracePripojeni\KonektoryAdmin\OPK\opk_cur@@dcipr.gdb3.sde\OPK_CUR.OPK_SMZ_TP_b;S:\KonfiguracePripojeni\KonektoryAdmin\OPK\opk_cur@@dcipr.gdb3.sde\OPK_CUR.OPK_SMZ_TP_l;S:\KonfiguracePripojeni\KonektoryAdmin\OPK\opk_cur@@dcipr.gdb3.sde\OPK_CUR.OPK_SMZ_TP_p;S:\KonfiguracePripojeni\KonektoryAdmin\OPK\opk_cur@@dcipr.gdb3.sde\OPK_CUR.OPK_SMZ_VP_b;S:\KonfiguracePripojeni\KonektoryAdmin\OPK\opk_cur@@dcipr.gdb3.sde\OPK_CUR.OPK_SMZ_VP_l;S:\KonfiguracePripojeni\KonektoryAdmin\OPK\opk_cur@@dcipr.gdb3.sde\OPK_CUR.OPK_SMZ_VP_p;S:\KonfiguracePripojeni\KonektoryAdmin\OPK\opk_cur@@dcipr.gdb3.sde\OPK_CUR.OPK_SMZ_ZakladniPl_p;S:\KonfiguracePripojeni\KonektoryAdmin\OPK\opk_cur@@dcipr.gdb3.sde\OPK_CUR.OPK_USES_NBK_OP_p;S:\KonfiguracePripojeni\KonektoryAdmin\OPK\opk_cur@@dcipr.gdb3.sde\OPK_CUR.OPK_USES_p;S:\KonfiguracePripojeni\KonektoryAdmin\OPK\opk_cur@@dcipr.gdb3.sde\OPK_CUR.OPK_VegetMapy_b;S:\KonfiguracePripojeni\KonektoryAdmin\OPK\opk_cur@@dcipr.gdb3.sde\OPK_CUR.OPK_VegetMapy_p OPK_CUR_USER GRANT #</Process><Process ToolSource="c:\esri\arcgis\desktop10.8\ArcToolbox\Toolboxes\Data Management Tools.tbx\ChangePrivileges" Date="20240419" Time="130050" Name="" export="">ChangePrivileges S:\KonfiguracePripojeni\KonektoryAdmin\OPK\opk_cur@@dcipr.gdb3.sde\OPK_CUR.OPK_VKPreg_p;S:\KonfiguracePripojeni\KonektoryAdmin\OPK\opk_cur@@dcipr.gdb3.sde\OPK_CUR.OPK_Biochory_p;S:\KonfiguracePripojeni\KonektoryAdmin\OPK\opk_cur@@dcipr.gdb3.sde\OPK_CUR.OPK_Bioregiony_p;S:\KonfiguracePripojeni\KonektoryAdmin\OPK\opk_cur@@dcipr.gdb3.sde\OPK_CUR.OPK_Dreviny_b;S:\KonfiguracePripojeni\KonektoryAdmin\OPK\opk_cur@@dcipr.gdb3.sde\OPK_CUR.OPK_Geopark_p;S:\KonfiguracePripojeni\KonektoryAdmin\OPK\opk_cur@@dcipr.gdb3.sde\OPK_CUR.OPK_CHKO_hr_p;S:\KonfiguracePripojeni\KonektoryAdmin\OPK\opk_cur@@dcipr.gdb3.sde\OPK_CUR.OPK_CHKO_p;S:\KonfiguracePripojeni\KonektoryAdmin\OPK\opk_cur@@dcipr.gdb3.sde\OPK_CUR.OPK_ChraneneDruhy_p;S:\KonfiguracePripojeni\KonektoryAdmin\OPK\opk_cur@@dcipr.gdb3.sde\OPK_CUR.OPK_MZCHU_OP_p;S:\KonfiguracePripojeni\KonektoryAdmin\OPK\opk_cur@@dcipr.gdb3.sde\OPK_CUR.OPK_MZCHU_p;S:\KonfiguracePripojeni\KonektoryAdmin\OPK\opk_cur@@dcipr.gdb3.sde\OPK_CUR.OPK_Natura2000evl_p;S:\KonfiguracePripojeni\KonektoryAdmin\OPK\opk_cur@@dcipr.gdb3.sde\OPK_CUR.OPK_PamStromy_b;S:\KonfiguracePripojeni\KonektoryAdmin\OPK\opk_cur@@dcipr.gdb3.sde\OPK_CUR.OPK_PamStromy_OP_p;S:\KonfiguracePripojeni\KonektoryAdmin\OPK\opk_cur@@dcipr.gdb3.sde\OPK_CUR.OPK_Plan_USES_IP_p;S:\KonfiguracePripojeni\KonektoryAdmin\OPK\opk_cur@@dcipr.gdb3.sde\OPK_CUR.OPK_Plan_USES_KRIT_p;S:\KonfiguracePripojeni\KonektoryAdmin\OPK\opk_cur@@dcipr.gdb3.sde\OPK_CUR.OPK_Plan_USES_p;S:\KonfiguracePripojeni\KonektoryAdmin\OPK\opk_cur@@dcipr.gdb3.sde\OPK_CUR.OPK_PriHodnotLok_p;S:\KonfiguracePripojeni\KonektoryAdmin\OPK\opk_cur@@dcipr.gdb3.sde\OPK_CUR.OPK_PrirodniParky_p;S:\KonfiguracePripojeni\KonektoryAdmin\OPK\opk_cur@@dcipr.gdb3.sde\OPK_CUR.OPK_SMZ_Sprava_p;S:\KonfiguracePripojeni\KonektoryAdmin\OPK\opk_cur@@dcipr.gdb3.sde\OPK_CUR.OPK_SMZ_TP_b;S:\KonfiguracePripojeni\KonektoryAdmin\OPK\opk_cur@@dcipr.gdb3.sde\OPK_CUR.OPK_SMZ_TP_l;S:\KonfiguracePripojeni\KonektoryAdmin\OPK\opk_cur@@dcipr.gdb3.sde\OPK_CUR.OPK_SMZ_TP_p;S:\KonfiguracePripojeni\KonektoryAdmin\OPK\opk_cur@@dcipr.gdb3.sde\OPK_CUR.OPK_SMZ_VP_b;S:\KonfiguracePripojeni\KonektoryAdmin\OPK\opk_cur@@dcipr.gdb3.sde\OPK_CUR.OPK_SMZ_VP_l;S:\KonfiguracePripojeni\KonektoryAdmin\OPK\opk_cur@@dcipr.gdb3.sde\OPK_CUR.OPK_SMZ_VP_p;S:\KonfiguracePripojeni\KonektoryAdmin\OPK\opk_cur@@dcipr.gdb3.sde\OPK_CUR.OPK_SMZ_ZakladniPl_p;S:\KonfiguracePripojeni\KonektoryAdmin\OPK\opk_cur@@dcipr.gdb3.sde\OPK_CUR.OPK_USES_NBK_OP_p;S:\KonfiguracePripojeni\KonektoryAdmin\OPK\opk_cur@@dcipr.gdb3.sde\OPK_CUR.OPK_USES_p;S:\KonfiguracePripojeni\KonektoryAdmin\OPK\opk_cur@@dcipr.gdb3.sde\OPK_CUR.OPK_VegetMapy_b;S:\KonfiguracePripojeni\KonektoryAdmin\OPK\opk_cur@@dcipr.gdb3.sde\OPK_CUR.OPK_VegetMapy_p APP_GEOP_VSPRAVA GRANT #</Process><Process ToolSource="c:\esri\arcgis\desktop10.8\ArcToolbox\Toolboxes\Data Management Tools.tbx\ChangePrivileges" Date="20240423" Time="123021" Name="" export="">ChangePrivileges S:\KonfiguracePripojeni\KonektoryAdmin\OPK\opk_cur@@dcipr.gdb3.sde\OPK_CUR.OPK_SMZ_Sprava_p;S:\KonfiguracePripojeni\KonektoryAdmin\OPK\opk_cur@@dcipr.gdb3.sde\OPK_CUR.OPK_SMZ_TP_b;S:\KonfiguracePripojeni\KonektoryAdmin\OPK\opk_cur@@dcipr.gdb3.sde\OPK_CUR.OPK_SMZ_TP_l;S:\KonfiguracePripojeni\KonektoryAdmin\OPK\opk_cur@@dcipr.gdb3.sde\OPK_CUR.OPK_SMZ_TP_p;S:\KonfiguracePripojeni\KonektoryAdmin\OPK\opk_cur@@dcipr.gdb3.sde\OPK_CUR.OPK_SMZ_VP_b;S:\KonfiguracePripojeni\KonektoryAdmin\OPK\opk_cur@@dcipr.gdb3.sde\OPK_CUR.OPK_SMZ_VP_l;S:\KonfiguracePripojeni\KonektoryAdmin\OPK\opk_cur@@dcipr.gdb3.sde\OPK_CUR.OPK_SMZ_VP_p;S:\KonfiguracePripojeni\KonektoryAdmin\OPK\opk_cur@@dcipr.gdb3.sde\OPK_CUR.OPK_SMZ_ZakladniPl_p;S:\KonfiguracePripojeni\KonektoryAdmin\OPK\opk_cur@@dcipr.gdb3.sde\OPK_CUR.OPK_USES_p;S:\KonfiguracePripojeni\KonektoryAdmin\OPK\opk_cur@@dcipr.gdb3.sde\OPK_CUR.OPK_Plan_USES_p;S:\KonfiguracePripojeni\KonektoryAdmin\OPK\opk_cur@@dcipr.gdb3.sde\OPK_CUR.OPK_Plan_USES_KRIT_p;S:\KonfiguracePripojeni\KonektoryAdmin\OPK\opk_cur@@dcipr.gdb3.sde\OPK_CUR.OPK_Plan_USES_IP_p;S:\KonfiguracePripojeni\KonektoryAdmin\OPK\opk_cur@@dcipr.gdb3.sde\OPK_CUR.OPK_PrirodniParky_p;S:\KonfiguracePripojeni\KonektoryAdmin\OPK\opk_cur@@dcipr.gdb3.sde\OPK_CUR.OPK_VKPreg_p APP_GEOP_OPENDATA GRANT #</Process><Process ToolSource="c:\esri\arcgis\desktop10.8\ArcToolbox\Toolboxes\Data Management Tools.tbx\Append" Date="20240430" Time="140704" Name="" export="">Append iprOPK_CUR.OPK_SMZ_VP_p OPK_CUR.OPK_SMZ_VP_p TEST # #</Process><Process ToolSource="c:\esri\arcgis\desktop10.8\ArcToolbox\Toolboxes\Data Management Tools.tbx\CalculateField" Date="20241121" Time="105331" Name="" export="">CalculateField OPK_CUR.OPK_SMZ_VP_p FORMAT "VYK" VB #</Process><Process ToolSource="c:\esri\arcgis\desktop10.8\ArcToolbox\Toolboxes\Data Management Tools.tbx\CalculateField" Date="20241121" Time="105417" Name="" export="">CalculateField OPK_CUR.OPK_SMZ_VP_p AKTUALIZACE "2024-03-01" VB #</Process><Process ToolSource="c:\esri\arcgis\desktop10.8\ArcToolbox\Toolboxes\Data Management Tools.tbx\CalculateField" Date="20241209" Time="092028" Name="" export="">CalculateField OPK_CUR.OPK_SMZ_VP_p KOD_POSKYT 66 VB #</Process><Process ToolSource="c:\esri\arcgis\desktop10.8\ArcToolbox\Toolboxes\Data Management Tools.tbx\CalculateField" Date="20241209" Time="092138" Name="" export="">CalculateField OPK_CUR.OPK_SMZ_VP_p KOD_POSKYT 63 VB #</Process><Process ToolSource="c:\esri\arcgis\desktop10.8\ArcToolbox\Toolboxes\Data Management Tools.tbx\CalculateField" Date="20241209" Time="092212" Name="" export="">CalculateField OPK_CUR.OPK_SMZ_VP_p KOD_POSKYT 64 VB #</Process><Process ToolSource="c:\esri\arcgis\desktop10.8\ArcToolbox\Toolboxes\Data Management Tools.tbx\CalculateField" Date="20241209" Time="092245" Name="" export="">CalculateField OPK_CUR.OPK_SMZ_VP_p KOD_POSKYT 65 VB #</Process><Process ToolSource="c:\esri\arcgis\pro\Resources\ArcToolbox\toolboxes\Data Management Tools.tbx\CopyFeatures" Date="20250102" Time="132550">CopyFeatures S:\KonfiguracePripojeni\KonektoryAdmin\_APP\APP_GEOPx\app_geop_opendata@@dcipr.gdb3.sde\OPK_CUR.OPK_SMZ_VP_P C:\Users\spal\Desktop\Geoportal\shapefile\OPK_SMZ_VP_P.shp # # # #</Process><Process ToolSource="c:\esri\arcgis\pro\Resources\ArcToolbox\toolboxes\Data Management Tools.tbx\DeleteField" Date="20250102" Time="132552">DeleteField C:/Users/spal/Desktop/Geoportal/shapefile\OPK_SMZ_VP_P.shp ID "Delete Fields"</Process><Process ToolSource="c:\esri\arcgis\pro\Resources\ArcToolbox\toolboxes\Data Management Tools.tbx\DeleteField" Date="20250102" Time="132552">DeleteField C:/Users/spal/Desktop/Geoportal/shapefile\OPK_SMZ_VP_P.shp ID_LOKAL "Delete Fields"</Process><Process ToolSource="c:\esri\arcgis\pro\Resources\ArcToolbox\toolboxes\Data Management Tools.tbx\DeleteField" Date="20250102" Time="132552">DeleteField C:/Users/spal/Desktop/Geoportal/shapefile\OPK_SMZ_VP_P.shp ID_CENTRAL "Delete Fields"</Process><Process ToolSource="c:\esri\arcgis\pro\Resources\ArcToolbox\toolboxes\Data Management Tools.tbx\DeleteField" Date="20250102" Time="132553">DeleteField C:/Users/spal/Desktop/Geoportal/shapefile\OPK_SMZ_VP_P.shp TID_OPK_SM "Delete Fields"</Process><Process ToolSource="c:\esri\arcgis\pro\Resources\ArcToolbox\toolboxes\Data Management Tools.tbx\DeleteField" Date="20250102" Time="132553">DeleteField C:/Users/spal/Desktop/Geoportal/shapefile\OPK_SMZ_VP_P.shp FORMAT "Delete Fields"</Process><Process ToolSource="c:\esri\arcgis\pro\Resources\ArcToolbox\toolboxes\Data Management Tools.tbx\DeleteField" Date="20250102" Time="132553">DeleteField C:/Users/spal/Desktop/Geoportal/shapefile\OPK_SMZ_VP_P.shp SHAPE_AREA "Delete Fields"</Process></lineage></DataProperties><SyncDate>20250102</SyncDate><SyncTime>13254500</SyncTime><ModDate>20250102</ModDate><ModTime>13254500</ModTime><scaleRange><minScale>150000000</minScale><maxScale>5000</maxScale></scaleRange><ArcGISProfile>IPRMetadata</ArcGISProfile></Esri><mdLang><languageCode value="cze" Sync="FALSE"/><countryCode value="GBR" Sync="TRUE"/></mdLang><mdChar><CharSetCd value="004"/></mdChar><mdContact xmlns=""><rpIndName>Mgr. Karolina Lejsková</rpIndName><rpOrgName>Institut plánování a rozvoje hl. m. Prahy</rpOrgName><role><RoleCd value="007"/></role><displayName>Mgr. Karolina Lejsková</displayName><rpCntInfo><cntAddress><delPoint>Vyšehradská 57/2077</delPoint><city>Praha 2</city><postCode>12800</postCode><eMailAdd>lejskova@ipr.praha.eu</eMailAdd><country>CZ</country></cntAddress></rpCntInfo><displayName>Mgr. Karolina Lejsková</displayName></mdContact><distInfo xmlns=""><distFormat xmlns=""><formatVer>-</formatVer><formatName Sync="TRUE">Shapefile</formatName></distFormat><distributor xmlns=""><distorCont xmlns=""><rpOrgName>Institut plánování a rozvoje hl. m. Prahy</rpOrgName><role><RoleCd value="005"/></role><rpCntInfo xmlns=""><cntAddress addressType=""><eMailAdd>vydej@ipr.praha.eu </eMailAdd></cntAddress></rpCntInfo></distorCont></distributor><distTranOps><transSize Sync="TRUE">0.000</transSize></distTranOps></distInfo><dataIdInfo><dataLang><languageCode value="cze" Sync="FALSE"/><countryCode value="GBR" Sync="TRUE"/></dataLang><idCitation xmlns=""><citId xmlns=""><identCode code="CZ-70883858-OPK_CUR.OPK_SMZ_VP_p">CZ-70883858-OPK_CUR.OPK_SMZ_VP_p</identCode><idCodeSpace>IPR Praha</idCodeSpace></citId><date><createDate>2022-04-21T00:00:00</createDate><pubDate>2022-04-26T00:00:00</pubDate><reviseDate>2024-12-09T00:00:00</reviseDate></date><resTitle Sync="FALSE">Systém městské zeleně - vegetační prvky - plocha</resTitle><presForm xmlns=""><PresFormCd value="005" Sync="TRUE"/></presForm><citRespParty xmlns=""><rpIndName>Mgr. Karolina Lejsková</rpIndName><rpOrgName>Institut plánování a rozvoje hl. m. Prahy</rpOrgName><role><RoleCd value="002"/></role><displayName>Mgr. Karolina Lejsková</displayName><rpCntInfo xmlns=""><cntAddress addressType=""><delPoint>Vyšehradská 57/2077</delPoint><city>Praha 2</city><postCode>12800</postCode><eMailAdd>lejskova@ipr.praha.eu</eMailAdd><country>CZ</country></cntAddress></rpCntInfo><displayName>Mgr. Karolina Lejsková</displayName><displayName>Mgr. Karolina Lejsková</displayName></citRespParty></idCitation><idPurp>Systém městské zeleně</idPurp><idAbs>&lt;DIV STYLE="text-align:Left;"&gt;&lt;DIV&gt;&lt;DIV&gt;&lt;P&gt;&lt;SPAN&gt;Systém městské zeleně. Vegetační prvek je základní prostorotvorná složka díla zahradní či krajinářské tvorby. Vegetační prvek je určen fyziognomií (vzhledem), prostorovým uspořádáním rostlin a způsobem pěstování.&lt;/SPAN&gt;&lt;/P&gt;&lt;/DIV&gt;&lt;/DIV&gt;&lt;/DIV&gt;</idAbs><searchKeys><keyword>zeleň</keyword><keyword>Praha</keyword></searchKeys><placeKeys xmlns=""><keyword>Praha</keyword><keyword>Česká republika</keyword></placeKeys><dataChar><CharSetCd value="004"/></dataChar><dataScale xmlns=""><equScale><rfDenom>1000</rfDenom></equScale></dataScale><idStatus><ProgCd value="001"/></idStatus><resMaint xmlns=""><maintFreq><MaintFreqCd value="009"/></maintFreq></resMaint><resConst><LegConsts xmlns=""><accessConsts><RestrictCd value="008"/></accessConsts><othConsts>Pravidla pro poskytování dat a výstupů z datového skladu Geografického informačního systému hl. m. Prahy</othConsts><useConsts><RestrictCd value="005"/></useConsts></LegConsts></resConst><idPoC xmlns=""><rpIndName>Mgr. Karolina Lejsková</rpIndName><rpOrgName>Institut plánování a rozvoje hl. m. Prahy</rpOrgName><role><RoleCd value="002"/></role><displayName>Mgr. Karolina Lejsková</displayName><rpCntInfo xmlns=""><cntAddress addressType=""><delPoint>Vyšehradská 57/2077</delPoint><city>Praha 2</city><postCode>12800</postCode><eMailAdd>lejskova@ipr.praha.eu</eMailAdd><country>CZ</country></cntAddress></rpCntInfo></idPoC><envirDesc Sync="TRUE">Microsoft Windows 10 Version 10.0 (Build 22000) ; Esri ArcGIS 13.3.2.52636</envirDesc><spatRpType><SpatRepTypCd value="001" Sync="TRUE"/></spatRpType><dataExt><geoEle xmlns=""><GeoBndBox esriExtentType="search"><exTypeCode Sync="TRUE">1</exTypeCode><westBL Sync="TRUE">14.241875</westBL><eastBL Sync="TRUE">14.722052</eastBL><northBL Sync="TRUE">50.189788</northBL><southBL Sync="TRUE">49.934223</southBL></GeoBndBox></geoEle></dataExt><OtherIPRKeywordInfo><OtherIPRKeywordDescription xmlns=""><OtherIPRKeywordType value="Zeleň"/></OtherIPRKeywordDescription></OtherIPRKeywordInfo><DatastoreInfo><DatastoreDescription xmlns=""><DatastoreType value="IPR Praha"/></DatastoreDescription></DatastoreInfo><DatastoreInfo><DatastoreDescription xmlns=""><DatastoreType value="Datové centrum MHMP - internet"/></DatastoreDescription></DatastoreInfo><DatastoreInfo><DatastoreDescription xmlns=""><DatastoreType value="Datové centrum MHMP - mepnet"/></DatastoreDescription></DatastoreInfo><resConst><Consts xmlns=""><useLimit>&lt;DIV STYLE="text-align:Left;"&gt;&lt;DIV&gt;&lt;DIV&gt;&lt;P&gt;&lt;A href="http://www.geoportalpraha.cz" STYLE="text-decoration:underline;"&gt;&lt;SPAN STYLE="text-decoration:underline;"&gt;&lt;SPAN&gt;www.geoportalpraha.cz&lt;/SPAN&gt;&lt;/SPAN&gt;&lt;/A&gt;&lt;/P&gt;&lt;/DIV&gt;&lt;/DIV&gt;&lt;/DIV&gt;</useLimit></Consts></resConst><tpCat><TopicCatCd value="007"/></tpCat></dataIdInfo><mdMaint xmlns=""><maintFreq><MaintFreqCd value="009"/></maintFreq></mdMaint><dqInfo xmlns=""><dqScope><scpLvl><ScopeCd value="005"/></scpLvl></dqScope><report type="DQDomConsis" dimension="" xmlns=""><measResult><ConResult xmlns=""><conSpec xmlns=""><resTitle>SMĚRNICE EVROPSKÉHO PARLAMENTU A RADY 2007/2/ES ze dne 14. března 2007 o zřízení Infrastruktury pro prostorové informace v Evropském společenství (INSPIRE)</resTitle><date><pubDate>2007-03-14T00:00:00</pubDate></date></conSpec><conExpl>nehodnoceno</conExpl><conPass>1</conPass></ConResult></measResult></report><dataLineage><statement>Datová sada vzniklá sloučením oficiálních datových sad poskytovatelů přebíraných v rámci plnění smluv.</statement></dataLineage></dqInfo><eainfo><detailed Name="OPK_SMZ_VP_P" xmlns=""><enttyp><enttypl Sync="TRUE">OPK_SMZ_VP_P</enttypl><enttypt Sync="TRUE">Feature Class</enttypt><enttypc Sync="TRUE">0</enttypc></enttyp><attr><attrlabl Sync="TRUE">FID</attrlabl><attalias Sync="TRUE">FID</attalias><attrtype Sync="TRUE">OID</attrtype><attwidth Sync="TRUE">4</attwidth><atprecis Sync="TRUE">0</atprecis><attscale Sync="TRUE">0</attscale><attrdef Sync="TRUE">Internal feature number.</attrdef><attrdefs Sync="TRUE">Esri</attrdefs><attrdomv><udom Sync="TRUE">Sequential unique whole numbers that are automatically generated.</udom></attrdomv></attr><attr exportToIso="False" exportDomainValues="False" xmlns=""><attrlabl Sync="TRUE">ID</attrlabl><attalias Sync="TRUE">ID</attalias><attrtype Sync="TRUE">Integer</attrtype><attwidth Sync="TRUE">10</attwidth><atprecis Sync="TRUE">10</atprecis><attscale Sync="TRUE">0</attscale></attr><attr exportToIso="True" exportDomainValues="False" xmlns=""><attrlabl Sync="TRUE">ID_LOKAL</attrlabl><attalias Sync="TRUE">ID_LOKAL</attalias><attrtype Sync="TRUE">String</attrtype><attwidth Sync="TRUE">50</attwidth><atprecis Sync="TRUE">0</atprecis><attscale Sync="TRUE">0</attscale></attr><attr exportToIso="False" exportDomainValues="False" xmlns=""><attrlabl Sync="TRUE">Shape</attrlabl><attalias Sync="TRUE">Shape</attalias><attrtype Sync="TRUE">Geometry</attrtype><attwidth Sync="TRUE">0</attwidth><atprecis Sync="TRUE">0</atprecis><attscale Sync="TRUE">0</attscale><attrdef Sync="TRUE">Feature geometry.</attrdef><attrdefs Sync="TRUE">Esri</attrdefs><attrdomv><udom Sync="TRUE">Coordinates defining the features.</udom></attrdomv></attr><attr exportToIso="True" exportDomainValues="True" xmlns=""><attrlabl Sync="TRUE">kod_sprav</attrlabl><attalias Sync="TRUE">KOD_SPRAV</attalias><attrtype Sync="TRUE">Integer</attrtype><attwidth Sync="TRUE">10</attwidth><atprecis Sync="TRUE">10</atprecis><attscale Sync="TRUE">0</attscale><attrdef>spravce</attrdef><verejne>True</verejne></attr><attr exportToIso="True" exportDomainValues="False" xmlns=""><attrlabl Sync="TRUE">ID_CENTRAL</attrlabl><attalias Sync="TRUE">ID_CENTRAL</attalias><attrtype Sync="TRUE">String</attrtype><attwidth Sync="TRUE">50</attwidth><atprecis Sync="TRUE">0</atprecis><attscale Sync="TRUE">0</attscale></attr><attr exportToIso="True" exportDomainValues="True" xmlns=""><attrlabl Sync="TRUE">KOD_R_PECE</attrlabl><attalias Sync="TRUE">KOD_R_PECE</attalias><attrtype Sync="TRUE">Integer</attrtype><attwidth Sync="TRUE">10</attwidth><atprecis Sync="TRUE">10</atprecis><attscale Sync="TRUE">0</attscale><attrdef>režim oéče</attrdef><verejne>True</verejne></attr><attr exportToIso="True" exportDomainValues="True" xmlns=""><attrlabl Sync="TRUE">KOD_UDRZ</attrlabl><attalias Sync="TRUE">KOD_UDRZ</attalias><attrtype Sync="TRUE">Integer</attrtype><attwidth Sync="TRUE">10</attwidth><atprecis Sync="TRUE">10</atprecis><attscale Sync="TRUE">0</attscale><attrdef>udržovatel</attrdef><verejne>True</verejne></attr><attr exportToIso="True" exportDomainValues="True" xmlns=""><attrlabl Sync="TRUE">KOD_VP</attrlabl><attalias Sync="TRUE">KOD_VP</attalias><attrtype Sync="TRUE">Integer</attrtype><attwidth Sync="TRUE">10</attwidth><atprecis Sync="TRUE">10</atprecis><attscale Sync="TRUE">0</attscale><attrdef>vegetační prvek</attrdef><verejne>True</verejne></attr><attr exportToIso="True" exportDomainValues="True" xmlns=""><attrlabl Sync="TRUE">KOD_DREVIN</attrlabl><attalias Sync="TRUE">KOD_DREVIN</attalias><attrtype Sync="TRUE">Integer</attrtype><attwidth Sync="TRUE">10</attwidth><atprecis Sync="TRUE">10</atprecis><attscale Sync="TRUE">0</attscale><attrdef>kategorie dřeviny</attrdef><verejne>True</verejne></attr><attr exportToIso="True" exportDomainValues="True" xmlns=""><attrlabl Sync="TRUE">KOD_ZAPOJ</attrlabl><attalias Sync="TRUE">KOD_ZAPOJ</attalias><attrtype Sync="TRUE">Integer</attrtype><attwidth Sync="TRUE">10</attwidth><atprecis Sync="TRUE">10</atprecis><attscale Sync="TRUE">0</attscale><attrdef>zápoj</attrdef><verejne>True</verejne></attr><attr exportToIso="True" exportDomainValues="True" xmlns=""><attrlabl Sync="TRUE">KOD_TVAR</attrlabl><attalias Sync="TRUE">KOD_TVAR</attalias><attrtype Sync="TRUE">Integer</attrtype><attwidth Sync="TRUE">10</attwidth><atprecis Sync="TRUE">10</atprecis><attscale Sync="TRUE">0</attscale><attrdef>pěstební tvar</attrdef><verejne>True</verejne></attr><attr exportToIso="True" exportDomainValues="True" xmlns=""><attrlabl Sync="TRUE">KOD_SK_VP</attrlabl><attalias Sync="TRUE">KOD_SK_VP</attalias><attrtype Sync="TRUE">Integer</attrtype><attwidth Sync="TRUE">10</attwidth><atprecis Sync="TRUE">10</atprecis><attscale Sync="TRUE">0</attscale><attrdef>skupinový vegetační prvek</attrdef><verejne>True</verejne></attr><attr exportToIso="True" exportDomainValues="True" xmlns=""><attrlabl Sync="TRUE">kod_poskyt</attrlabl><attalias Sync="TRUE">KOD_POSKYT</attalias><attrtype Sync="TRUE">Integer</attrtype><attwidth Sync="TRUE">10</attwidth><atprecis Sync="TRUE">10</atprecis><attscale Sync="TRUE">0</attscale><attrdef>poskytovatel</attrdef><verejne>True</verejne></attr><attr><attrlabl Sync="TRUE">TID_OPK_SM</attrlabl><attalias Sync="TRUE">TID_OPK_SM</attalias><attrtype Sync="TRUE">Integer</attrtype><attwidth Sync="TRUE">5</attwidth><atprecis Sync="TRUE">5</atprecis><attscale Sync="TRUE">0</attscale></attr><attr><attrlabl Sync="TRUE">AKTUALIZAC</attrlabl><attalias Sync="TRUE">AKTUALIZAC</attalias><attrtype Sync="TRUE">Date</attrtype><attwidth Sync="TRUE">8</attwidth><atprecis Sync="TRUE">0</atprecis><attscale Sync="TRUE">0</attscale></attr><attr xmlns=""><attrlabl Sync="TRUE">FORMAT</attrlabl><attalias Sync="TRUE">FORMAT</attalias><attrtype Sync="TRUE">String</attrtype><attwidth Sync="TRUE">10</attwidth><atprecis Sync="TRUE">0</atprecis><attscale Sync="TRUE">0</attscale></attr><attr><attrlabl Sync="TRUE">SHAPE_AREA</attrlabl><attalias Sync="TRUE">SHAPE_AREA</attalias><attrtype Sync="TRUE">Double</attrtype><attwidth Sync="TRUE">19</attwidth><atprecis Sync="TRUE">0</atprecis><attscale Sync="TRUE">0</attscale><attrdef Sync="TRUE">Area of feature in internal units squared.</attrdef><attrdefs Sync="TRUE">Esri</attrdefs><attrdomv><udom Sync="TRUE">Positive real numbers that are automatically generated.</udom></attrdomv></attr><attr><attrlabl Sync="TRUE">SHAPE_LEN</attrlabl><attalias Sync="TRUE">SHAPE_LEN</attalias><attrtype Sync="TRUE">Double</attrtype><attwidth Sync="TRUE">19</attwidth><atprecis Sync="TRUE">0</atprecis><attscale Sync="TRUE">0</attscale></attr></detailed></eainfo><mdHrLv><ScopeCd value="005" Sync="TRUE"/></mdHrLv><mdHrLvName Sync="TRUE">dataset</mdHrLvName><refSysInfo><RefSystem dimension=""><refSysID xmlns=""><identCode code="5514" Sync="TRUE"/><idCodeSpace Sync="TRUE">EPSG</idCodeSpace><idVersion Sync="TRUE">7.7(10.1.0)</idVersion></refSysID></RefSystem></refSysInfo><spatRepInfo><VectSpatRep><geometObjs Name="OPK_SMZ_VP_P"><geoObjTyp><GeoObjTypCd value="002" Sync="TRUE"></GeoObjTypCd></geoObjTyp><geoObjCnt Sync="TRUE">0</geoObjCnt></geometObjs><topLvl><TopoLevCd value="001" Sync="TRUE"></TopoLevCd></topLvl></VectSpatRep></spatRepInfo><spdoinfo><ptvctinf><esriterm Name="OPK_SMZ_VP_P"><efeatyp Sync="TRUE">Simple</efeatyp><efeageom code="4" Sync="TRUE"></efeageom><esritopo Sync="TRUE">FALSE</esritopo><efeacnt Sync="TRUE">0</efeacnt><spindex Sync="TRUE">FALSE</spindex><linrefer Sync="TRUE">FALSE</linrefer></esriterm></ptvctinf></spdoinfo><mdDateSt Sync="TRUE">20250102</mdDateSt><mdFileID>EA6E0F7E-77AD-4F93-A1BA-B2C35DD635C6</mdFileID><custom><TopicStatus><INSPIREstatus>Využití území</INSPIREstatus><IPRstatus>Ostatní tematická data</IPRstatus><UAPstatus>Není jev ÚAP</UAPstatus><GEMETstatus>Urbanismus/Urban planning</GEMETstatus><IPRkeywordstatus>Urbanismus/Urban planning</IPRkeywordstatus></TopicStatus></custom></metadata>
