<metadata xml:lang="cs"><Esri><CreaDate>20240311</CreaDate><CreaTime>09092500</CreaTime><SyncOnce>FALSE</SyncOnce><SyncDate>20241111</SyncDate><SyncTime>18045400</SyncTime><ModDate>20241111</ModDate><ModTime>18045400</ModTime><DataProperties><itemProps><itemName Sync="TRUE">HM_HLUKOCHR_BARIERY_L</itemName><imsContentType Sync="TRUE" export="False">002</imsContentType><itemLocation><linkage Sync="TRUE">file://\\SPAL\C$\Users\spal\Desktop\Geoportal\shapefile\HM_HLUKOCHR_BARIERY_L.shp</linkage><protocol Sync="TRUE">Local Area Network</protocol></itemLocation><nativeExtBox><westBL Sync="TRUE">-754240.972400</westBL><eastBL Sync="TRUE">-725111.547000</eastBL><southBL Sync="TRUE">-1056609.796400</southBL><northBL Sync="TRUE">-1035218.779000</northBL><exTypeCode Sync="TRUE">1</exTypeCode></nativeExtBox><itemSize Sync="TRUE">0.000</itemSize></itemProps><coordRef><type Sync="TRUE">Projected</type><geogcsn Sync="TRUE">GCS_S_JTSK</geogcsn><csUnits Sync="TRUE">Linear Unit: Meter (1.000000)</csUnits><projcsn Sync="TRUE">S-JTSK_Krovak_East_North</projcsn><peXml Sync="TRUE">&lt;ProjectedCoordinateSystem xsi:type='typens:ProjectedCoordinateSystem' xmlns:xsi='http://www.w3.org/2001/XMLSchema-instance' xmlns:xs='http://www.w3.org/2001/XMLSchema' xmlns:typens='http://www.esri.com/schemas/ArcGIS/3.3.0'&gt;&lt;WKT&gt;PROJCS[&amp;quot;S-JTSK_Krovak_East_North&amp;quot;,GEOGCS[&amp;quot;GCS_S_JTSK&amp;quot;,DATUM[&amp;quot;D_S_JTSK&amp;quot;,SPHEROID[&amp;quot;Bessel_1841&amp;quot;,6377397.155,299.1528128]],PRIMEM[&amp;quot;Greenwich&amp;quot;,0.0],UNIT[&amp;quot;Degree&amp;quot;,0.0174532925199433]],PROJECTION[&amp;quot;Krovak&amp;quot;],PARAMETER[&amp;quot;False_Easting&amp;quot;,0.0],PARAMETER[&amp;quot;False_Northing&amp;quot;,0.0],PARAMETER[&amp;quot;Pseudo_Standard_Parallel_1&amp;quot;,78.5],PARAMETER[&amp;quot;Scale_Factor&amp;quot;,0.9999],PARAMETER[&amp;quot;Azimuth&amp;quot;,30.28813975277778],PARAMETER[&amp;quot;Longitude_Of_Center&amp;quot;,24.83333333333333],PARAMETER[&amp;quot;Latitude_Of_Center&amp;quot;,49.5],PARAMETER[&amp;quot;X_Scale&amp;quot;,-1.0],PARAMETER[&amp;quot;Y_Scale&amp;quot;,1.0],PARAMETER[&amp;quot;XY_Plane_Rotation&amp;quot;,90.0],UNIT[&amp;quot;Meter&amp;quot;,1.0],AUTHORITY[&amp;quot;EPSG&amp;quot;,5514]]&lt;/WKT&gt;&lt;XOrigin&gt;-33699800&lt;/XOrigin&gt;&lt;YOrigin&gt;-33699800&lt;/YOrigin&gt;&lt;XYScale&gt;133638764.24698351&lt;/XYScale&gt;&lt;ZOrigin&gt;-100000&lt;/ZOrigin&gt;&lt;ZScale&gt;10000&lt;/ZScale&gt;&lt;MOrigin&gt;-100000&lt;/MOrigin&gt;&lt;MScale&gt;10000&lt;/MScale&gt;&lt;XYTolerance&gt;0.001&lt;/XYTolerance&gt;&lt;ZTolerance&gt;0.001&lt;/ZTolerance&gt;&lt;MTolerance&gt;0.001&lt;/MTolerance&gt;&lt;HighPrecision&gt;true&lt;/HighPrecision&gt;&lt;WKID&gt;102067&lt;/WKID&gt;&lt;LatestWKID&gt;5514&lt;/LatestWKID&gt;&lt;/ProjectedCoordinateSystem&gt;</peXml></coordRef><lineage><Process ToolSource="c:\esri\arcgis\desktop10.8\ArcToolbox\Toolboxes\Data Management Tools.tbx\ChangePrivileges" Date="20240418" Time="092342" Name="" export="">ChangePrivileges S:\KonfiguracePripojeni\KonektoryAdmin\HM\hm_cur@@dcipr.gdb3.sde\HM_CUR.HM_Ekola_ADP_pasma_den_p;S:\KonfiguracePripojeni\KonektoryAdmin\HM\hm_cur@@dcipr.gdb3.sde\HM_CUR.HM_Ekola_ADP_pasma_noc_p;S:\KonfiguracePripojeni\KonektoryAdmin\HM\hm_cur@@dcipr.gdb3.sde\HM_CUR.HM_Ekola_den_p;S:\KonfiguracePripojeni\KonektoryAdmin\HM\hm_cur@@dcipr.gdb3.sde\HM_CUR.HM_Ekola_noc_p;S:\KonfiguracePripojeni\KonektoryAdmin\HM\hm_cur@@dcipr.gdb3.sde\HM_CUR.HM_hlukochr_bariery_l;S:\KonfiguracePripojeni\KonektoryAdmin\HM\hm_cur@@dcipr.gdb3.sde\HM_CUR.HM_hlukochr_opernezdi_l;S:\KonfiguracePripojeni\KonektoryAdmin\HM\hm_cur@@dcipr.gdb3.sde\HM_CUR.HM_hlukochr_valy_p app_geop_opendata GRANT #</Process><Process ToolSource="c:\esri\arcgis\desktop10.8\ArcToolbox\Toolboxes\Data Management Tools.tbx\ChangePrivileges" Date="20240418" Time="092820" Name="" export="">ChangePrivileges S:\KonfiguracePripojeni\KonektoryAdmin\HM\hm_cur@@dcipr.gdb3.sde\HM_CUR.HM_Ekola_den_p;S:\KonfiguracePripojeni\KonektoryAdmin\HM\hm_cur@@dcipr.gdb3.sde\HM_CUR.HM_Ekola_noc_p;S:\KonfiguracePripojeni\KonektoryAdmin\HM\hm_cur@@dcipr.gdb3.sde\HM_CUR.HM_hlukochr_bariery_l;S:\KonfiguracePripojeni\KonektoryAdmin\HM\hm_cur@@dcipr.gdb3.sde\HM_CUR.HM_hlukochr_opernezdi_l;S:\KonfiguracePripojeni\KonektoryAdmin\HM\hm_cur@@dcipr.gdb3.sde\HM_CUR.HM_hlukochr_valy_p;S:\KonfiguracePripojeni\KonektoryAdmin\HM\hm_cur@@dcipr.gdb3.sde\HM_CUR.HM_OHP_LetisteRuzyne_l;S:\KonfiguracePripojeni\KonektoryAdmin\HM\hm_cur@@dcipr.gdb3.sde\HM_CUR.HM_OHP_LetisteRuzyne_p;S:\KonfiguracePripojeni\KonektoryAdmin\HM\hm_cur@@dcipr.gdb3.sde\HM_CUR.HM_OHZ_LetisteRuzyne_l;S:\KonfiguracePripojeni\KonektoryAdmin\HM\hm_cur@@dcipr.gdb3.sde\HM_CUR.HM_OHZ_LetisteRuzyne_p;S:\KonfiguracePripojeni\KonektoryAdmin\HM\hm_cur@@dcipr.gdb3.sde\HM_CUR.HM_SHM_den_p;S:\KonfiguracePripojeni\KonektoryAdmin\HM\hm_cur@@dcipr.gdb3.sde\HM_CUR.HM_SHM_noc_p APP_GEOP_VSPRAVA GRANT #</Process><Process ToolSource="c:\esri\arcgis\desktop10.8\ArcToolbox\Toolboxes\Data Management Tools.tbx\ChangePrivileges" Date="20240418" Time="092843" Name="" export="">ChangePrivileges S:\KonfiguracePripojeni\KonektoryAdmin\HM\hm_cur@@dcipr.gdb3.sde\HM_CUR.HM_Ekola_den_p;S:\KonfiguracePripojeni\KonektoryAdmin\HM\hm_cur@@dcipr.gdb3.sde\HM_CUR.HM_Ekola_noc_p;S:\KonfiguracePripojeni\KonektoryAdmin\HM\hm_cur@@dcipr.gdb3.sde\HM_CUR.HM_hlukochr_bariery_l;S:\KonfiguracePripojeni\KonektoryAdmin\HM\hm_cur@@dcipr.gdb3.sde\HM_CUR.HM_hlukochr_opernezdi_l;S:\KonfiguracePripojeni\KonektoryAdmin\HM\hm_cur@@dcipr.gdb3.sde\HM_CUR.HM_hlukochr_valy_p;S:\KonfiguracePripojeni\KonektoryAdmin\HM\hm_cur@@dcipr.gdb3.sde\HM_CUR.HM_OHP_LetisteRuzyne_l;S:\KonfiguracePripojeni\KonektoryAdmin\HM\hm_cur@@dcipr.gdb3.sde\HM_CUR.HM_OHP_LetisteRuzyne_p;S:\KonfiguracePripojeni\KonektoryAdmin\HM\hm_cur@@dcipr.gdb3.sde\HM_CUR.HM_OHZ_LetisteRuzyne_l;S:\KonfiguracePripojeni\KonektoryAdmin\HM\hm_cur@@dcipr.gdb3.sde\HM_CUR.HM_OHZ_LetisteRuzyne_p;S:\KonfiguracePripojeni\KonektoryAdmin\HM\hm_cur@@dcipr.gdb3.sde\HM_CUR.HM_SHM_den_p;S:\KonfiguracePripojeni\KonektoryAdmin\HM\hm_cur@@dcipr.gdb3.sde\HM_CUR.HM_SHM_noc_p HM_CUR_USER GRANT #</Process><Process ToolSource="c:\esri\arcgis\desktop10.8\ArcToolbox\Toolboxes\Data Management Tools.tbx\DeleteFeatures" Date="20240913" Time="111115" Name="" export="">DeleteFeatures ipr3HM_CUR.HM_hlukochr_bariery_l</Process><Process ToolSource="c:\esri\arcgis\desktop10.8\ArcToolbox\Toolboxes\Data Management Tools.tbx\Append" Date="20240913" Time="111144" Name="" export="">Append HM_hlukochr_bariery_l ipr3HM_CUR.HM_hlukochr_bariery_l NO_TEST "ID "ID" true true false 4 Long 0 10 ,First,#,HM_hlukochr_bariery_l,ID,-1,-1;ULICE "ULICE" true true false 50 Text 0 0 ,First,#,HM_hlukochr_bariery_l,ULICE,-1,-1;POPIS "POPIS" true true false 50 Text 0 0 ,First,#,HM_hlukochr_bariery_l,POPIS,-1,-1;VYSKA "VYSKA" true true false 8 Double 8 38 ,First,#,HM_hlukochr_bariery_l,VYSKA,-1,-1;KAT_UZEMI "KAT_UZEMI" true true false 50 Text 0 0 ,First,#,HM_hlukochr_bariery_l,KAT_UZEMI,-1,-1;ID_POSKYT "ID_POSKYT" true true false 4 Long 0 10 ,First,#,HM_hlukochr_bariery_l,ID_POSKYT,-1,-1;POSKYT "POSKYT" true true false 30 Text 0 0 ,First,#,HM_hlukochr_bariery_l,POSKYT,-1,-1;TID_HM_HLUKOCHR_BARIERY_L "TID_HM_HLUKOCHR_BARIERY_L" true true false 2 Short 0 5 ,First,#,HM_hlukochr_bariery_l,TID_HM_HLUKOCHR_BARIERY_L,-1,-1;GLOBALID "GLOBALID" false false true 38 GlobalID 0 0 ,First,#,HM_hlukochr_bariery_l,GLOBALID,-1,-1;ID_CLONA "ID_CLONA" true true false 10 Text 0 0 ,First,#,HM_hlukochr_bariery_l,ID_CLONA,-1,-1;SHAPE.LEN "SHAPE.LEN" false false true 0 Double 0 0 ,First,#" #</Process><Process ToolSource="c:\esri\arcgis\pro\Resources\ArcToolbox\toolboxes\Data Management Tools.tbx\CopyFeatures" Date="20241111" Time="180455">CopyFeatures S:\KonfiguracePripojeni\KonektoryAdmin\_APP\APP_GEOPx\app_geop_opendata@@dcipr.gdb3.sde\HM_CUR.HM_HLUKOCHR_BARIERY_L C:\Users\spal\Desktop\Geoportal\shapefile\HM_HLUKOCHR_BARIERY_L.shp # # # #</Process><Process ToolSource="c:\esri\arcgis\pro\Resources\ArcToolbox\toolboxes\Data Management Tools.tbx\DeleteField" Date="20241111" Time="180456">DeleteField C:/Users/spal/Desktop/Geoportal/shapefile\HM_HLUKOCHR_BARIERY_L.shp ID "Delete Fields"</Process><Process ToolSource="c:\esri\arcgis\pro\Resources\ArcToolbox\toolboxes\Data Management Tools.tbx\DeleteField" Date="20241111" Time="180456">DeleteField C:/Users/spal/Desktop/Geoportal/shapefile\HM_HLUKOCHR_BARIERY_L.shp ID_POSKYT "Delete Fields"</Process><Process ToolSource="c:\esri\arcgis\pro\Resources\ArcToolbox\toolboxes\Data Management Tools.tbx\DeleteField" Date="20241111" Time="180456">DeleteField C:/Users/spal/Desktop/Geoportal/shapefile\HM_HLUKOCHR_BARIERY_L.shp POSKYT "Delete Fields"</Process><Process ToolSource="c:\esri\arcgis\pro\Resources\ArcToolbox\toolboxes\Data Management Tools.tbx\DeleteField" Date="20241111" Time="180456">DeleteField C:/Users/spal/Desktop/Geoportal/shapefile\HM_HLUKOCHR_BARIERY_L.shp TID_HM_HLU "Delete Fields"</Process></lineage></DataProperties><ArcGISFormat>1.0</ArcGISFormat><ArcGISProfile>IPRMetadata</ArcGISProfile><scaleRange><minScale>150000000</minScale><maxScale>5000</maxScale></scaleRange><ArcGISstyle>IPR</ArcGISstyle></Esri><idinfo><native Sync="TRUE"> Version 6.1 (Build 7600) ; ESRI ArcCatalog 9.2.0.1324</native><descript><langdata Sync="TRUE">cs</langdata><abstract>Protihlukové bariéry mající celoplošný deskový charakter a byly zbudovány s prvořadým záměrem akustické ochrany, jejich účinnost je dána zejména jejich výškou, pohltivostí (odrazivostí) a konfigurací okolního terénu.Stav 2011</abstract><purpose>Mapa realizované protihlukové ochrany - Praha</purpose><supplinf>terénní mapování a následné zanesení do letecké mapy Prahy v měřítku 1:10 000</supplinf></descript><citation><citeinfo><origin>REQUIRED: The name of an organization or individual that developed the data set.</origin><pubdate>REQUIRED: The date when the data set is published or otherwise made available for release.</pubdate><title Sync="TRUE">Protihlukové bariéry</title><ftname Sync="TRUE">protihlukove_bariery_ENACON_2011</ftname><geoform Sync="TRUE">vector digital data</geoform><onlink Sync="TRUE">\\CUDOVA-HP\D$\Valy\zdroj\protihlukove_bariery_ENACON_2011.shp</onlink></citeinfo></citation><timeperd><current>publication date</current><timeinfo><sngdate><caldate>září 2011</caldate></sngdate></timeinfo></timeperd><status><progress>Complete</progress><update>As needed</update></status><spdom><bounding><westbc Sync="TRUE">REQUIRED: Western-most coordinate of the limit of coverage expressed in longitude.</westbc><eastbc Sync="TRUE">REQUIRED: Eastern-most coordinate of the limit of coverage expressed in longitude.</eastbc><northbc Sync="TRUE">REQUIRED: Northern-most coordinate of the limit of coverage expressed in latitude.</northbc><southbc Sync="TRUE">REQUIRED: Southern-most coordinate of the limit of coverage expressed in latitude.</southbc></bounding><lboundng><leftbc Sync="TRUE">-754166.064513</leftbc><rightbc Sync="TRUE">-727792.481790</rightbc><bottombc Sync="TRUE">-1056609.796371</bottombc><topbc Sync="TRUE">-1037719.103416</topbc></lboundng></spdom><keywords><theme><themekey>Lidské zdraví a bezpečnost</themekey><themekey>hluk</themekey></theme></keywords><accconst>REQUIRED: Restrictions and legal prerequisites for accessing the data set.</accconst><useconst>REQUIRED: Restrictions and legal prerequisites for using the data set after access is granted.</useconst><natvform Sync="TRUE">Shapefile</natvform><ptcontac><cntinfo><cntorgp><cntorg>Centrum protihlukové ekologie, s.r.o.</cntorg><cntper>Ing. Luděk Novák</cntper></cntorgp><cntemail>cpe@seznam.cz</cntemail></cntinfo></ptcontac></idinfo><dataIdInfo><envirDesc Sync="TRUE">Microsoft Windows 10 Version 10.0 (Build 22000) ; Esri ArcGIS 13.3.2.52636</envirDesc><dataLang><languageCode Sync="FALSE" value="cze"/><countryCode value="GBR" Sync="TRUE"/></dataLang><idCitation xmlns=""><resTitle Sync="FALSE">Protihlukové bariéry</resTitle><presForm xmlns=""><PresFormCd Sync="TRUE" value="005"/></presForm><date><createDate>2011-11-30T00:00:00</createDate><pubDate>2011-11-30T00:00:00</pubDate><reviseDate>2024-09-13T00:00:00</reviseDate></date><citId xmlns=""><identCode code="CZ-70883858-HM_CUR.HM_hlukochr_bariery_l">CZ-70883858-HM_CUR.HM_hlukochr_bariery_l</identCode><idCodeSpace>IPR Praha</idCodeSpace></citId><citRespParty xmlns=""><rpOrgName>Institut plánování a rozvoje hl. m. Prahy</rpOrgName><role><RoleCd value="001"/></role><rpCntInfo xmlns=""><cntAddress addressType=""><eMailAdd>lejskova@ipr.praha.eu</eMailAdd><delPoint>Vyšehradská 57/2077</delPoint><city>Praha</city><postCode>12800</postCode><country>CZ</country></cntAddress><cntPhone><voiceNum tddtty="">+420 236 004 589</voiceNum></cntPhone></rpCntInfo><displayName>Institut plánování a rozvoje hl. m. Prahy</displayName></citRespParty></idCitation><spatRpType><SpatRepTypCd Sync="TRUE" value="001"/></spatRpType><dataExt xmlns=""><geoEle xmlns=""><GeoBndBox esriExtentType="search"><exTypeCode Sync="TRUE">1</exTypeCode><westBL Sync="TRUE">14.249023</westBL><eastBL Sync="TRUE">14.692734</eastBL><northBL Sync="TRUE">50.179138</northBL><southBL Sync="TRUE">49.953037</southBL></GeoBndBox></geoEle></dataExt><idPurp>Mapa realizované protihlukové ochrany - Praha</idPurp><idAbs>&lt;DIV STYLE="text-align:Left;"&gt;&lt;DIV&gt;&lt;DIV&gt;&lt;P&gt;&lt;SPAN&gt;Protihlukové bariéry mají celoplošný deskový charakter a byly zbudovány s prvořadým záměrem akustické ochrany, jejich účinnost je dána zejména jejich výškou, pohltivostí (odrazivostí) a konfigurací okolního terénu.Stav 2019&lt;/SPAN&gt;&lt;/P&gt;&lt;/DIV&gt;&lt;/DIV&gt;&lt;/DIV&gt;</idAbs><placeKeys xmlns=""><keyword>Praha</keyword><keyword>Česká republika</keyword></placeKeys><dataChar><CharSetCd value="004"/></dataChar><dataScale xmlns=""><equScale><rfDenom>1000</rfDenom></equScale></dataScale><idPoC xmlns=""><rpOrgName>Institut plánování a rozvoje hl. m. Prahy</rpOrgName><role><RoleCd value="002"/></role><rpCntInfo xmlns=""><cntAddress addressType=""><eMailAdd>lejskova@ipr.praha.eu</eMailAdd><delPoint>Vyšehradská 57/2077</delPoint><city>Praha</city><postCode>12800</postCode><country>CZ</country></cntAddress><cntPhone><voiceNum tddtty="">+420 236 004 589</voiceNum></cntPhone></rpCntInfo></idPoC><resMaint xmlns=""><maintFreq><MaintFreqCd value="009"/></maintFreq></resMaint><idPoC xmlns=""><rpOrgName>Ing. Václav Volejník</rpOrgName><role><RoleCd value="011"/></role><rpCntInfo xmlns=""><cntAddress addressType=""><eMailAdd>vaclav.volejnik@gmail.com</eMailAdd></cntAddress></rpCntInfo></idPoC><resConst><LegConsts xmlns=""><accessConsts><RestrictCd value="008"/></accessConsts><othConsts>: Pravidla pro poskytování dat a výstupů z datového skladu Geografického informačního systému hl. m. Prahy</othConsts><useConsts><RestrictCd value="005"/></useConsts></LegConsts></resConst><DatastoreInfo><DatastoreDescription xmlns=""><DatastoreType value="IPR Praha"/></DatastoreDescription></DatastoreInfo><DatastoreInfo><DatastoreDescription xmlns=""><DatastoreType value="Datové centrum MHMP - internet"/></DatastoreDescription></DatastoreInfo><DatastoreInfo><DatastoreDescription xmlns=""><DatastoreType value="Datové centrum MHMP - mepnet"/></DatastoreDescription></DatastoreInfo><OpendataCategoryInfo><OpendataCategoryDescription xmlns=""><OpendataCategoryType value="Životní prostředí"/></OpendataCategoryDescription></OpendataCategoryInfo><resConst><Consts xmlns=""><useLimit>&lt;DIV STYLE="text-align:Left;"&gt;&lt;DIV&gt;&lt;DIV&gt;&lt;P&gt;&lt;A href="http://www.geoportalpraha.cz" STYLE="text-decoration:underline;"&gt;&lt;SPAN STYLE="text-decoration:underline;"&gt;&lt;SPAN&gt;www.geoportalpraha.cz&lt;/SPAN&gt;&lt;/SPAN&gt;&lt;/A&gt;&lt;/P&gt;&lt;/DIV&gt;&lt;/DIV&gt;&lt;/DIV&gt;</useLimit></Consts></resConst><tpCat><TopicCatCd value="009"/></tpCat></dataIdInfo><metainfo><langmeta Sync="TRUE">cs</langmeta><metstdn Sync="TRUE">FGDC Content Standards for Digital Geospatial Metadata</metstdn><metstdv Sync="TRUE">FGDC-STD-001-1998</metstdv><mettc Sync="TRUE">local time</mettc><metc><cntinfo><cntorgp><cntper>REQUIRED: The person responsible for the metadata information.</cntper><cntorg>REQUIRED: The organization responsible for the metadata information.</cntorg></cntorgp><cntaddr><addrtype>REQUIRED: The mailing and/or physical address for the organization or individual.</addrtype><city>REQUIRED: The city of the address.</city><state>REQUIRED: The state or province of the address.</state><postal>REQUIRED: The ZIP or other postal code of the address.</postal></cntaddr><cntvoice>REQUIRED: The telephone number by which individuals can speak to the organization or individual.</cntvoice></cntinfo></metc><metd Sync="TRUE">20110930</metd></metainfo><mdLang><languageCode Sync="FALSE" value="cze"/><countryCode value="GBR" Sync="TRUE"/></mdLang><mdStanName Sync="TRUE">ISO 19115 Geographic Information - Metadata</mdStanName><mdStanVer Sync="TRUE">DIS_ESRI1.0</mdStanVer><mdChar><CharSetCd Sync="TRUE" value="004"/></mdChar><mdHrLv><ScopeCd Sync="TRUE" value="005"/></mdHrLv><mdHrLvName Sync="TRUE">dataset</mdHrLvName><distinfo><resdesc Sync="TRUE">Downloadable Data</resdesc><stdorder><digform><digtinfo><transize Sync="TRUE">0.097</transize><dssize Sync="TRUE">0.097</dssize></digtinfo></digform></stdorder></distinfo><distInfo xmlns=""><distributor xmlns=""><distorCont xmlns=""><rpOrgName>Institut plánování a rozvoje hl. m. Prahy</rpOrgName><role><RoleCd value="005"/></role><rpCntInfo xmlns=""><cntAddress addressType=""><delPoint>Vyšehradská 57/2077</delPoint><city>Praha</city><postCode>12800</postCode><eMailAdd>vydej@ipr.praha.eu</eMailAdd><country>CZECH REPUBLIC</country></cntAddress><cntPhone><voiceNum tddtty="">236005088</voiceNum><faxNum>224923635</faxNum></cntPhone></rpCntInfo></distorCont></distributor><distFormat xmlns=""><formatName Sync="TRUE">Shapefile</formatName><formatVer>-</formatVer></distFormat><distTranOps><transSize Sync="TRUE">0.000</transSize></distTranOps></distInfo><spdoinfo><direct Sync="TRUE">Vector</direct><ptvctinf><esriterm Name="HM_HLUKOCHR_BARIERY_L"><efeatyp Sync="TRUE">Simple</efeatyp><efeageom code="3" Sync="TRUE"></efeageom><esritopo Sync="TRUE">FALSE</esritopo><efeacnt Sync="TRUE">0</efeacnt><spindex Sync="TRUE">FALSE</spindex><linrefer Sync="TRUE">FALSE</linrefer></esriterm></ptvctinf></spdoinfo><spatRepInfo><VectSpatRep><geometObjs Name="HM_HLUKOCHR_BARIERY_L"><geoObjTyp><GeoObjTypCd value="002" Sync="TRUE"></GeoObjTypCd></geoObjTyp><geoObjCnt Sync="TRUE">0</geoObjCnt></geometObjs><topLvl><TopoLevCd value="001" Sync="TRUE"></TopoLevCd></topLvl></VectSpatRep></spatRepInfo><eainfo><detailed Name="HM_HLUKOCHR_BARIERY_L" xmlns=""><enttyp><enttypl Sync="TRUE">HM_HLUKOCHR_BARIERY_L</enttypl><enttypt Sync="TRUE">Feature Class</enttypt><enttypc Sync="TRUE">0</enttypc></enttyp><attr><attrlabl Sync="TRUE">FID</attrlabl><attalias Sync="TRUE">FID</attalias><attrtype Sync="TRUE">OID</attrtype><attwidth Sync="TRUE">4</attwidth><atprecis Sync="TRUE">0</atprecis><attscale Sync="TRUE">0</attscale><attrdef Sync="TRUE">Internal feature number.</attrdef><attrdefs Sync="TRUE">Esri</attrdefs><attrdomv><udom Sync="TRUE">Sequential unique whole numbers that are automatically generated.</udom></attrdomv></attr><attr exportToIso="False" exportDomainValues="False" xmlns=""><attrlabl Sync="TRUE">Shape</attrlabl><attalias Sync="TRUE">Shape</attalias><attrtype Sync="TRUE">Geometry</attrtype><attwidth Sync="TRUE">0</attwidth><atprecis Sync="TRUE">0</atprecis><attscale Sync="TRUE">0</attscale><attrdef Sync="TRUE">Feature geometry.</attrdef><attrdefs Sync="TRUE">ESRI</attrdefs><attrdomv><udom Sync="TRUE">Coordinates defining the features.</udom></attrdomv></attr><attr exportToIso="True" exportDomainValues="False" xmlns=""><attrlabl Sync="TRUE">Id</attrlabl><attalias Sync="TRUE">ID</attalias><attrtype Sync="TRUE">Integer</attrtype><attwidth Sync="TRUE">10</attwidth><attrdef>pořadové číslo protihlukové bariéry</attrdef><atprecis Sync="TRUE">10</atprecis><attscale Sync="TRUE">0</attscale></attr><attr exportToIso="True" exportDomainValues="False" xmlns=""><attrlabl Sync="TRUE">ulice</attrlabl><attalias Sync="TRUE">ULICE</attalias><attrtype Sync="TRUE">String</attrtype><attwidth Sync="TRUE">50</attwidth><attrdef>umístění protihlukové bariéry v uliční síti Prahy</attrdef><atprecis Sync="TRUE">0</atprecis><attscale Sync="TRUE">0</attscale><verejne>True</verejne></attr><attr exportToIso="True" exportDomainValues="False" xmlns=""><attrlabl Sync="TRUE">popis</attrlabl><attalias Sync="TRUE">POPIS</attalias><attrtype Sync="TRUE">String</attrtype><attwidth Sync="TRUE">50</attwidth><attrdef>bližší popis umístění</attrdef><atprecis Sync="TRUE">0</atprecis><attscale Sync="TRUE">0</attscale><verejne>True</verejne></attr><attr exportToIso="True" exportDomainValues="False" xmlns=""><attrlabl Sync="TRUE">vyska</attrlabl><attalias Sync="TRUE">VYSKA</attalias><attrtype Sync="TRUE">Double</attrtype><attwidth Sync="TRUE">19</attwidth><attrdef>výška protihlukové bariéry</attrdef><atprecis Sync="TRUE">18</atprecis><attscale Sync="TRUE">8</attscale><verejne>True</verejne></attr><attr exportToIso="False" exportDomainValues="False" xmlns=""><attrlabl Sync="TRUE">ID_POSKYT</attrlabl><attalias Sync="TRUE">ID_POSKYT</attalias><attrtype Sync="TRUE">Integer</attrtype><attwidth Sync="TRUE">10</attwidth><atprecis Sync="TRUE">10</atprecis><attscale Sync="TRUE">0</attscale></attr><attr exportToIso="False" exportDomainValues="False" xmlns=""><attrlabl Sync="TRUE">POSKYT</attrlabl><attalias Sync="TRUE">POSKYT</attalias><attrtype Sync="TRUE">String</attrtype><attwidth Sync="TRUE">30</attwidth><atprecis Sync="TRUE">0</atprecis><attscale Sync="TRUE">0</attscale></attr><attr exportToIso="True" exportDomainValues="False" xmlns=""><attrlabl Sync="TRUE">kat_uzemi</attrlabl><attalias Sync="TRUE">KAT_UZEMI</attalias><attrtype Sync="TRUE">String</attrtype><attwidth Sync="TRUE">50</attwidth><attrdef>název katastrálního území</attrdef><atprecis Sync="TRUE">0</atprecis><attscale Sync="TRUE">0</attscale><verejne>True</verejne></attr><attr><attrlabl Sync="TRUE">TID_HM_HLU</attrlabl><attalias Sync="TRUE">TID_HM_HLU</attalias><attrtype Sync="TRUE">Integer</attrtype><attwidth Sync="TRUE">5</attwidth><atprecis Sync="TRUE">5</atprecis><attscale Sync="TRUE">0</attscale></attr><attr exportToIso="False" exportDomainValues="False" xmlns=""><attrlabl Sync="TRUE">GLOBALID</attrlabl><attalias Sync="TRUE">GLOBALID</attalias><attrtype Sync="TRUE">String</attrtype><attwidth Sync="TRUE">38</attwidth><atprecis Sync="TRUE">0</atprecis><attscale Sync="TRUE">0</attscale></attr><attr xmlns=""><attrlabl Sync="TRUE">ID_CLONA</attrlabl><attalias Sync="TRUE">ID_CLONA</attalias><attrtype Sync="TRUE">String</attrtype><attwidth Sync="TRUE">10</attwidth><atprecis Sync="TRUE">0</atprecis><attscale Sync="TRUE">0</attscale><verejne>True</verejne></attr><attr><attrlabl Sync="TRUE">SHAPE_LEN</attrlabl><attalias Sync="TRUE">SHAPE_LEN</attalias><attrtype Sync="TRUE">Double</attrtype><attwidth Sync="TRUE">19</attwidth><atprecis Sync="TRUE">0</atprecis><attscale Sync="TRUE">0</attscale></attr></detailed></eainfo><mdDateSt Sync="TRUE">20241111</mdDateSt><refSysInfo><RefSystem dimension=""><refSysID xmlns=""><identCode code="5514" Sync="TRUE" value="102067"/><idCodeSpace Sync="TRUE">EPSG</idCodeSpace><idVersion Sync="TRUE">7.7(10.1.0)</idVersion></refSysID></RefSystem></refSysInfo><mdFileID>5C8F3209-797D-4BB3-883C-C9E0EF3554B1</mdFileID><mdContact xmlns=""><rpOrgName>Institut plánování a rozvoje hl. m. Prahy</rpOrgName><role><RoleCd value="007"/></role><rpCntInfo xmlns=""><cntAddress addressType=""><eMailAdd>lejskova@ipr.praha.eu</eMailAdd><delPoint>Vyšehradská 57/2077</delPoint><city>Praha</city><postCode>12800</postCode><country>CZ</country></cntAddress></rpCntInfo></mdContact><dqInfo xmlns=""><dqScope><scpLvl><ScopeCd value="005"/></scpLvl></dqScope><dataLineage><statement>Datová sada pořízená Útvarem rozvoje hl. m. Prahy.</statement></dataLineage><report type="DQDomConsis" dimension="" xmlns=""><measResult><ConResult xmlns=""><conSpec xmlns=""><resTitle>Nařízení Komise (EU) č. 1089/2010 ze dne 23. listopadu 2010, kterým se provádí směrnice Evropského parlamentu a Rady 2007/2/ES, pokud jde o interoperabilitu sad prostorových dat a služeb prostorových dat</resTitle><date><pubDate>2010-12-08T00:00:00</pubDate></date></conSpec><conExpl>nehodnoceno</conExpl><conPass>1</conPass></ConResult></measResult></report></dqInfo><mdMaint xmlns=""><maintFreq><MaintFreqCd value="009"/></maintFreq></mdMaint><custom><TopicStatus><INSPIREstatus>Lidské zdraví a bezpečnost</INSPIREstatus><IPRstatus>Ostatní tematická data</IPRstatus><UAPstatus>Není jev ÚAP</UAPstatus><GEMETstatus>Hluk/Noise</GEMETstatus><IPRkeywordstatus>Hluk/Noise</IPRkeywordstatus></TopicStatus></custom></metadata>
